sample,x0,solver,target_gap_pct,residual_tol,solve_time_ms,objective,reference_objective,opt_gap_pct,feasibility_residual,stopping_residual,iterations,status,stopping_mode
1,0.2757921849194162,IPOPT,1.0,1.0e-10,46.72598838806152,4.086629705745066,4.086629705745066,0.0,9.995269056872758e-9,NaN,55,INTERRUPTED,gap_and_residual
1,0.2757921849194162,MadNLP,1.0,0.01,29.415130615234375,4.086829973331997,4.086629705745066,0.004900556237069223,3.045827479120078e-14,NaN,39,INTERRUPTED,gap_and_residual
1,0.2757921849194162,ADMM,1.0,0.0001,213.1497859954834,4.118289045746059,4.086629705745066,0.7747053753484364,4.0939474033052647e-16,0.0366983259541926,17,converged,gap_callback_with_solver_termination
1,0.2757921849194162,MEL-ADMM,1.0,0.01,50.707101821899414,4.087216564135793,4.086629705745066,0.014360449391871236,3.8163916471489756e-16,0.008656065727419015,29,converged,gap_residual_and_feasibility
1,0.2757921849194162,sMEL-ADMM,1.0,0.01,2.6097099999999998,4.088280170987185,4.086629705745066,0.04038695357690339,3.019806626980426e-14,0.0011346821895163008,37,converged,gap_residual_and_feasibility
2,0.461889806461838,IPOPT,1.0,1.0e-10,24.209022521972656,3.7290951418180343,3.7290951418180343,0.0,9.995267613582826e-9,NaN,31,INTERRUPTED,gap_and_residual
2,0.461889806461838,MadNLP,1.0,0.01,12.397050857543945,3.7292997036548545,3.7290951418180343,0.005485562288993848,8.400224960070091e-14,NaN,18,INTERRUPTED,gap_and_residual
2,0.461889806461838,ADMM,1.0,0.0001,213.2875919342041,3.7662532487885554,3.7290951418180343,0.9964376224631682,3.677613769070831e-16,0.025522151541164943,17,converged,gap_callback_with_solver_termination
2,0.461889806461838,MEL-ADMM,1.0,0.01,59.821128845214844,3.729507673426333,3.7290951418180343,0.011062512288100316,3.95516952522712e-16,0.00344100450228808,30,converged,gap_residual_and_feasibility
2,0.461889806461838,sMEL-ADMM,1.0,0.01,2.18375,3.730742144698171,3.7290951418180343,0.04416628746387499,3.0309088572266774e-14,0.0010887625006215764,37,converged,gap_residual_and_feasibility
3,0.4357974476962958,IPOPT,1.0,1.0e-10,24.80483055114746,3.779224316150031,3.779224316150031,0.0,9.995268002160884e-9,NaN,32,INTERRUPTED,gap_and_residual
3,0.4357974476962958,MadNLP,1.0,0.01,12.944936752319336,3.77942963997146,3.779224316150031,0.005432962011585032,6.337725483307466e-14,NaN,19,INTERRUPTED,gap_and_residual
3,0.4357974476962958,ADMM,1.0,0.0001,211.2133502960205,3.8140297507758048,3.779224316150031,0.9209676831575464,7.643885524544203e-13,0.027054878261253634,17,converged,gap_callback_with_solver_termination
3,0.4357974476962958,MEL-ADMM,1.0,0.01,51.34177207946777,3.7798303492488894,3.779224316150031,0.016035912350277817,3.7470027081099033e-16,0.009135160352272485,29,converged,gap_residual_and_feasibility
3,0.4357974476962958,sMEL-ADMM,1.0,0.01,2.358288,3.7808699600568056,3.779224316150031,0.04354448873918425,2.9753977059954195e-14,0.0010791155206548056,37,converged,gap_residual_and_feasibility
4,0.38537641182373616,IPOPT,1.0,1.0e-10,22.54009246826172,3.8760942434711656,3.8760942434711656,0.0,9.995268390738943e-9,NaN,29,INTERRUPTED,gap_and_residual
4,0.38537641182373616,MadNLP,1.0,0.01,13.545989990234375,3.8763125402512273,3.8760942434711656,0.005631874932591859,1.4838824613505608e-14,NaN,20,INTERRUPTED,gap_and_residual
4,0.38537641182373616,ADMM,1.0,0.0001,212.92734146118164,3.908371243284477,3.8760942434711656,0.8327196860003627,3.8510861166685117e-16,0.032521600579267645,17,converged,gap_callback_with_solver_termination
4,0.38537641182373616,MEL-ADMM,1.0,0.01,51.401615142822266,3.8766932525086237,3.8760942434711656,0.01545393377540015,3.677613769070831e-16,0.008976282481910004,29,converged,gap_residual_and_feasibility
4,0.38537641182373616,sMEL-ADMM,1.0,0.01,2.2451630000000002,3.8777389574514345,3.8760942434711656,0.04243224950062082,2.8976820942716586e-14,0.0010979949208779981,37,converged,gap_residual_and_feasibility
5,0.25796867475512036,IPOPT,1.0,1.0e-10,26.52907371520996,4.120872598703327,4.120872598703327,0.0,9.995268057672035e-9,NaN,34,INTERRUPTED,gap_and_residual
5,0.25796867475512036,MadNLP,1.0,0.01,14.451026916503906,4.121146591559403,4.120872598703327,0.006648903830750773,1.5155411647871375e-14,NaN,21,INTERRUPTED,gap_and_residual
5,0.25796867475512036,ADMM,1.0,0.0001,215.64674377441406,4.1525302166049425,4.120872598703327,0.7682260769618705,3.970768158723104e-12,0.03669154274638934,17,converged,gap_callback_with_solver_termination
5,0.25796867475512036,MEL-ADMM,1.0,0.01,50.032854080200195,4.121459753069714,4.120872598703327,0.014248301841979566,3.660266534311063e-16,0.008656067140297964,29,converged,gap_residual_and_feasibility
5,0.25796867475512036,sMEL-ADMM,1.0,0.01,2.7309159999999997,4.122526233498026,4.120872598703327,0.040128267862953176,2.853273173286652e-14,0.0011382682579098692,37,converged,gap_residual_and_feasibility
6,0.7208970006295407,IPOPT,1.0,1.0e-10,38.73491287231445,3.231485212936395,3.231485212936395,0.0,9.995268446250094e-9,NaN,46,INTERRUPTED,gap_and_residual
6,0.7208970006295407,MadNLP,1.0,0.01,25.67601203918457,3.231665968460087,3.231485212936395,0.005593574216842869,2.566002965664893e-14,NaN,34,INTERRUPTED,gap_and_residual
6,0.7208970006295407,ADMM,1.0,0.0001,272.45044708251953,3.2621327231786856,3.231485212936395,0.9484032332749519,1.5381029783156919e-12,0.023799449922873733,22,converged,gap_callback_with_solver_termination
6,0.7208970006295407,MEL-ADMM,1.0,0.01,76.99441909790039,3.2317888730889277,3.231485212936395,0.009396922236164972,3.191891195797325e-16,0.009290037127949357,45,converged,gap_residual_and_feasibility
6,0.7208970006295407,sMEL-ADMM,1.0,0.01,2.3745849999999997,3.2509657601808697,3.231485212936395,0.602835722920519,2.919886554764162e-14,0.0056279589451958545,46,converged,gap_residual_and_feasibility
7,0.6358466462547939,IPOPT,1.0,1.0e-10,39.8869514465332,3.3948856965707384,3.3948856965707384,0.0,9.99526827971664e-9,NaN,47,INTERRUPTED,gap_and_residual
7,0.6358466462547939,MadNLP,1.0,0.01,18.841981887817383,3.395082088998807,3.3948856965707384,0.005784949645490313,1.440861319146336e-14,NaN,25,INTERRUPTED,gap_and_residual
7,0.6358466462547939,ADMM,1.0,0.0001,252.73585319519043,3.4253961454266535,3.3948856965707384,0.8987180006306112,3.5388358909926865e-16,0.024151540369530884,20,converged,gap_callback_with_solver_termination
7,0.6358466462547939,MEL-ADMM,1.0,0.01,67.53897666931152,3.3952220182586483,3.3948856965707384,0.009906716100919295,3.217912047936977e-16,0.006956737670959212,38,converged,gap_residual_and_feasibility
7,0.6358466462547939,sMEL-ADMM,1.0,0.01,2.95492,3.405989834100336,3.3948856965707384,0.32708428271426243,3.0309088572266774e-14,0.005627958944788514,46,converged,gap_residual_and_feasibility
8,0.6985131866188585,IPOPT,1.0,1.0e-10,24.5821475982666,3.2744894550917065,3.2744894550917065,0.0,9.995268501761245e-9,NaN,32,INTERRUPTED,gap_and_residual
8,0.6985131866188585,MadNLP,1.0,0.01,13.200998306274414,3.274620809893277,3.2744894550917065,0.004011458988398859,3.851086116668512e-15,NaN,20,INTERRUPTED,gap_and_residual
8,0.6985131866188585,ADMM,1.0,0.0001,271.06785774230957,3.301432437141239,3.2744894550917065,0.8228147446814058,4.2327252813834093e-16,0.023799719959724446,22,converged,gap_callback_with_solver_termination
8,0.6985131866188585,MEL-ADMM,1.0,0.01,73.59671592712402,3.2747983746768794,3.2744894550917065,0.009434129790600333,3.677613769070831e-16,0.007949564215064807,43,converged,gap_residual_and_feasibility
8,0.6985131866188585,sMEL-ADMM,1.0,0.01,3.0304110000000004,3.285557924638102,3.2744894550917065,0.33802123042981097,2.986499936241671e-14,0.005627958945059075,46,converged,gap_residual_and_feasibility
9,0.46885009045376125,IPOPT,1.0,1.0e-10,24.636030197143555,3.7157229015860707,3.7157229015860707,0.0,9.995267724605128e-9,NaN,32,INTERRUPTED,gap_and_residual
9,0.46885009045376125,MadNLP,1.0,0.01,12.23897933959961,3.715927225006643,3.7157229015860707,0.005498887457000041,8.118592603745256e-14,NaN,18,INTERRUPTED,gap_and_residual
9,0.46885009045376125,ADMM,1.0,0.0001,221.85182571411133,3.743975213798307,3.7157229015860707,0.7603449708312916,3.400058012914542e-16,0.02512546538690522,18,converged,gap_callback_with_solver_termination
9,0.46885009045376125,MEL-ADMM,1.0,0.01,52.22129821777344,3.716146792395654,3.7157229015860707,0.01140803070655657,1.109667913112844e-12,0.003976446056695913,30,converged,gap_residual_and_feasibility
9,0.46885009045376125,sMEL-ADMM,1.0,0.01,2.620332,3.717370075508271,3.7157229015860707,0.044329837445555235,2.8754776337791554e-14,0.0010951983365216412,37,converged,gap_residual_and_feasibility
10,0.40015212307604836,IPOPT,1.0,1.0e-10,23.252010345458984,3.8477068442367033,3.8477068442367033,0.0,9.99526778011628e-9,NaN,30,INTERRUPTED,gap_and_residual
10,0.40015212307604836,MadNLP,1.0,0.01,13.430118560791016,3.8479154079935767,3.8477068442367033,0.005420469004435459,7.77052033829051e-14,NaN,20,INTERRUPTED,gap_and_residual
10,0.40015212307604836,ADMM,1.0,0.0001,214.12897109985352,3.880470233839366,3.8477068442367033,0.8515043096835039,3.3084646133829665e-13,0.03070930838375904,17,converged,gap_callback_with_solver_termination
10,0.40015212307604836,MEL-ADMM,1.0,0.01,50.962209701538086,3.8483077670896875,3.8477068442367033,0.015617688075282573,3.7470027081099033e-16,0.009022797746817047,29,converged,gap_residual_and_feasibility
10,0.40015212307604836,sMEL-ADMM,1.0,0.01,2.488375,3.8493513018398176,3.8477068442367033,0.04273864069393497,2.986499936241671e-14,0.0010903864445191759,37,converged,gap_residual_and_feasibility
11,0.7193853112471236,IPOPT,1.0,1.0e-10,37.76097297668457,3.234389501554684,3.234389501554684,0.0,9.99526783562743e-9,NaN,44,INTERRUPTED,gap_and_residual
11,0.7193853112471236,MadNLP,1.0,0.01,26.045799255371094,3.2345221591680193,3.234389501554684,0.004101473037535398,4.794775687599895e-15,NaN,35,INTERRUPTED,gap_and_residual
11,0.7193853112471236,ADMM,1.0,0.0001,275.5913734436035,3.264774889804554,3.234389501554684,0.9394474053067657,3.597122599785507e-14,0.023799470843317974,22,converged,gap_callback_with_solver_termination
11,0.7193853112471236,MEL-ADMM,1.0,0.01,83.96792411804199,3.2346895925770385,3.234389501554684,0.009278134937367368,3.469446951953614e-16,0.008508014770137873,45,converged,gap_residual_and_feasibility
11,0.7193853112471236,sMEL-ADMM,1.0,0.01,2.831626,3.2517336341662526,3.234389501554684,0.536241309317618,2.942091015256665e-14,0.0056279589451857515,46,converged,gap_residual_and_feasibility
12,0.5267441347098047,IPOPT,1.0,1.0e-10,25.99811553955078,3.604495677425393,3.604495677425393,0.0,9.995267669093977e-9,NaN,33,INTERRUPTED,gap_and_residual
12,0.5267441347098047,MadNLP,1.0,0.01,13.54217529296875,3.604697272978386,3.604495677425393,0.005592892072402541,6.793177131925177e-14,NaN,20,INTERRUPTED,gap_and_residual
12,0.5267441347098047,ADMM,1.0,0.0001,225.59452056884766,3.6382540364587532,3.604495677425393,0.9365626166452476,4.0245584642661925e-16,0.02487850969058426,18,converged,gap_callback_with_solver_termination
12,0.5267441347098047,MEL-ADMM,1.0,0.01,56.30612373352051,3.604867503384818,3.604495677425393,0.010315616738104697,4.0939474033052647e-16,0.004726193436175441,32,converged,gap_residual_and_feasibility
12,0.5267441347098047,sMEL-ADMM,1.0,0.01,2.588917,3.6061409309607306,3.604495677425393,0.04564448629087207,2.90878432451791e-14,0.0012349101939611363,37,converged,gap_residual_and_feasibility
13,0.2569077543027698,IPOPT,1.0,1.0e-10,38.10882568359375,4.122910860816239,4.122910860816239,0.0,9.995268390738943e-9,NaN,49,INTERRUPTED,gap_and_residual
13,0.2569077543027698,MadNLP,1.0,0.01,14.456033706665039,4.123185461768966,4.122910860816239,0.006660365988908031,1.3052059433249497e-14,NaN,21,INTERRUPTED,gap_and_residual
13,0.2569077543027698,ADMM,1.0,0.0001,217.11134910583496,4.154568470709679,4.122910860816239,0.7678460913213229,3.677613769070831e-16,0.03669154278144316,17,converged,gap_callback_with_solver_termination
13,0.2569077543027698,MEL-ADMM,1.0,0.01,50.95195770263672,4.12349803305276,4.122910860816239,0.01424169127937771,4.2977774117325396e-16,0.008656067394366085,29,converged,gap_residual_and_feasibility
13,0.2569077543027698,sMEL-ADMM,1.0,0.01,2.828041,4.124564679124447,4.122910860816239,0.040112880536072794,2.942091015256665e-14,0.0011384583998566124,37,converged,gap_residual_and_feasibility
14,0.26346455923970324,IPOPT,1.0,1.0e-10,24.986982345581055,4.110313792812618,4.110313792812618,0.0,9.995268057672035e-9,NaN,31,INTERRUPTED,gap_and_residual
14,0.26346455923970324,MadNLP,1.0,0.01,15.172004699707031,4.110584263907404,4.110313792812618,0.0065803028289176295,1.359329315775426e-14,NaN,21,INTERRUPTED,gap_and_residual
14,0.26346455923970324,ADMM,1.0,0.0001,215.42954444885254,4.141971459275157,4.110313792812618,0.7702007208767538,3.3306690738754696e-16,0.03669154280650226,17,converged,gap_callback_with_solver_termination
14,0.26346455923970324,MEL-ADMM,1.0,0.01,50.07314682006836,4.110900855023814,4.110313792812618,0.014282661635787546,3.2526065174565133e-16,0.008656065528920686,29,converged,gap_residual_and_feasibility
14,0.26346455923970324,sMEL-ADMM,1.0,0.01,2.008958,4.111966582011672,4.110313792812618,0.040210779088074515,2.930988785010413e-14,0.0011372393472169227,37,converged,gap_residual_and_feasibility
15,0.675422755642642,IPOPT,1.0,1.0e-10,24.294137954711914,3.318851264240847,3.318851264240847,0.0,9.99526827971664e-9,NaN,31,INTERRUPTED,gap_and_residual
15,0.675422755642642,MadNLP,1.0,0.01,14.750003814697266,3.3189806454221755,3.318851264240847,0.003898372389343632,4.73232564246473e-15,NaN,22,INTERRUPTED,gap_and_residual
15,0.675422755642642,ADMM,1.0,0.0001,263.4472846984863,3.3482278091819615,3.318851264240847,0.8851419543151509,5.563005611719518e-11,0.023996576187214673,21,converged,gap_callback_with_solver_termination
15,0.675422755642642,MEL-ADMM,1.0,0.01,74.951171875,3.319170343189166,3.318851264240847,0.0096141382338253,3.608224830031759e-16,0.007517907554794267,41,converged,gap_residual_and_feasibility
15,0.675422755642642,sMEL-ADMM,1.0,0.01,2.985415,3.329928563550837,3.318851264240847,0.3337690793601661,2.8310687127941492e-14,0.005627958944947609,46,converged,gap_residual_and_feasibility
16,0.4329462404269192,IPOPT,1.0,1.0e-10,25.007963180541992,3.784702113981473,3.784702113981473,0.0,9.99526916789506e-9,NaN,32,INTERRUPTED,gap_and_residual
16,0.4329462404269192,MadNLP,1.0,0.01,12.913942337036133,3.7849075097507714,3.784702113981473,0.005426999618799083,6.265560986706831e-14,NaN,19,INTERRUPTED,gap_and_residual
16,0.4329462404269192,ADMM,1.0,0.0001,209.81431007385254,3.8192940368323263,3.784702113981473,0.9139932763285017,4.0245584642661925e-16,0.027052881600566098,17,converged,gap_callback_with_solver_termination
16,0.4329462404269192,MEL-ADMM,1.0,0.01,50.08387565612793,3.785307526331694,3.784702113981473,0.015996301214427147,3.2612801348363973e-16,0.009126168590704276,29,converged,gap_residual_and_feasibility
16,0.4329462404269192,sMEL-ADMM,1.0,0.01,2.704415,3.786347592046318,3.784702113981473,0.04347708261546409,2.986499936241671e-14,0.0010795340573659497,37,converged,gap_residual_and_feasibility
17,0.2779516321195472,IPOPT,1.0,1.0e-10,37.238121032714844,4.08248093153391,4.08248093153391,0.0,9.995268612783548e-9,NaN,45,INTERRUPTED,gap_and_residual
17,0.2779516321195472,MadNLP,1.0,0.01,25.90179443359375,4.082744044631741,4.08248093153391,0.006444931458189153,1.7388868123191514e-14,NaN,36,INTERRUPTED,gap_and_residual
17,0.2779516321195472,ADMM,1.0,0.0001,213.2885456085205,4.114141478189342,4.08248093153391,0.7755222176515271,5.462852392668083e-13,0.036699634116983335,17,converged,gap_callback_with_solver_termination
17,0.2779516321195472,MEL-ADMM,1.0,0.01,51.12814903259277,4.083067754704802,4.08248093153391,0.014374180326472448,5.134781488891349e-16,0.00865606664132883,29,converged,gap_residual_and_feasibility
17,0.2779516321195472,sMEL-ADMM,1.0,0.01,2.223578,4.084130960415292,4.08248093153391,0.04041730773650818,2.8477220581635265e-14,0.0011342172694009279,37,converged,gap_residual_and_feasibility
18,0.35417114365979185,IPOPT,1.0,1.0e-10,28.117895126342773,3.9360464441105556,3.9360464441105556,0.0,9.995268224205489e-9,NaN,37,INTERRUPTED,gap_and_residual
18,0.35417114365979185,MadNLP,1.0,0.01,17.30489730834961,3.9362747250653127,3.9360464441105556,0.005799752568944024,1.560904183683931e-14,NaN,27,INTERRUPTED,gap_and_residual
18,0.35417114365979185,ADMM,1.0,0.0001,211.96293830871582,3.967894832373777,3.9360464441105556,0.8091466580856908,1.4224177391497506e-12,0.036708458757427224,17,converged,gap_callback_with_solver_termination
18,0.35417114365979185,MEL-ADMM,1.0,0.01,51.496028900146484,3.936641549685131,3.9360464441105556,0.015119373793616551,1.325606291402437e-13,0.008878174088120194,29,converged,gap_residual_and_feasibility
18,0.35417114365979185,sMEL-ADMM,1.0,0.01,2.22921,3.9376917564525544,3.9360464441105556,0.041801141459107606,2.8976820942716586e-14,0.001113241689299549,37,converged,gap_residual_and_feasibility
19,0.591016545349401,IPOPT,1.0,1.0e-10,32.33814239501953,3.4810142050663178,3.4810142050663178,0.0,9.995267946649733e-9,NaN,36,INTERRUPTED,gap_and_residual
19,0.591016545349401,MadNLP,1.0,0.01,19.96898651123047,3.4812170595033387,3.4810142050663178,0.005827452146725293,2.1184443088628768e-14,NaN,24,INTERRUPTED,gap_and_residual
19,0.591016545349401,ADMM,1.0,0.0001,239.1650676727295,3.513423147508203,3.4810142050663178,0.9310201146182269,3.8163916471489756e-16,0.024503314514665364,19,converged,gap_callback_with_solver_termination
19,0.591016545349401,MEL-ADMM,1.0,0.01,62.5457763671875,3.481379122317182,3.4810142050663178,0.010483072730162928,3.95516952522712e-16,0.007263995431282377,35,converged,gap_residual_and_feasibility
19,0.591016545349401,sMEL-ADMM,1.0,0.01,2.939836,3.4921574284377095,3.4810142050663178,0.32011427460346825,3.019806626980426e-14,0.005627958944652622,46,converged,gap_residual_and_feasibility
20,0.5330147075864293,IPOPT,1.0,1.0e-10,25.42710304260254,3.5924485243213624,3.5924485243213624,0.0,9.995268002160884e-9,NaN,33,INTERRUPTED,gap_and_residual
20,0.5330147075864293,MadNLP,1.0,0.01,13.49186897277832,3.5926566000313445,3.5924485243213624,0.005792030381878729,1.7111312367035225e-14,NaN,20,INTERRUPTED,gap_and_residual
20,0.5330147075864293,ADMM,1.0,0.0001,223.70004653930664,3.6268888942488737,3.5924485243213624,0.9586879170110679,1.2143619443349962e-12,0.02487740505319433,18,converged,gap_callback_with_solver_termination
20,0.5330147075864293,MEL-ADMM,1.0,0.01,57.44528770446777,3.5928391554691372,3.5924485243213624,0.010873674184339646,4.163336342344337e-16,0.006591858715346687,32,converged,gap_residual_and_feasibility
20,0.5330147075864293,sMEL-ADMM,1.0,0.01,2.477252,3.594093916169963,3.5924485243213624,0.045801403623769395,3.0753177782116836e-14,0.00125705624940613,37,converged,gap_residual_and_feasibility
21,0.4724846693080612,IPOPT,1.0,1.0e-10,25.07185935974121,3.708740074213206,3.708740074213206,0.0,9.995268057672035e-9,NaN,32,INTERRUPTED,gap_and_residual
21,0.4724846693080612,MadNLP,1.0,0.01,12.449026107788086,3.7089442666030923,3.708740074213206,0.005505707755204601,1.0774714453987144e-13,NaN,18,INTERRUPTED,gap_and_residual
21,0.4724846693080612,ADMM,1.0,0.0001,224.47729110717773,3.737304160940009,3.708740074213206,0.7701830313051161,8.145151220162461e-12,0.025181368190186706,18,converged,gap_callback_with_solver_termination
21,0.4724846693080612,MEL-ADMM,1.0,0.01,53.28798294067383,3.70917115484066,3.708740074213206,0.01162337124812789,1.3672341037107572e-11,0.00428060548670901,30,converged,gap_residual_and_feasibility
21,0.4724846693080612,sMEL-ADMM,1.0,0.01,2.778877,3.7103873078442953,3.708740074213206,0.04441491175244389,3.0309088572266774e-14,0.0010994314773881465,37,converged,gap_residual_and_feasibility
22,0.34714340215163997,IPOPT,1.0,1.0e-10,25.966882705688477,3.9495482851049943,3.9495482851049943,0.0,9.995268224205489e-9,NaN,33,INTERRUPTED,gap_and_residual
22,0.34714340215163997,MadNLP,1.0,0.01,14.380931854248047,3.949779822617631,3.9495482851049943,0.005862379591855971,1.1794384913166311e-14,NaN,20,INTERRUPTED,gap_and_residual
22,0.34714340215163997,ADMM,1.0,0.0001,214.20955657958984,3.9814054028829107,3.9495482851049943,0.8066015523359894,3.677613769070831e-16,0.03723354938654394,17,converged,gap_callback_with_solver_termination
22,0.34714340215163997,MEL-ADMM,1.0,0.01,51.091909408569336,3.9501425335718046,3.9495482851049943,0.015045985614388396,3.5084782301630923e-16,0.008856103902762903,29,converged,gap_residual_and_feasibility
22,0.34714340215163997,sMEL-ADMM,1.0,0.01,2.839665,3.951193769184862,3.9495482851049943,0.041662589265544316,2.9753977059954195e-14,0.0011159542361539377,37,converged,gap_residual_and_feasibility
23,0.2702404435837083,IPOPT,1.0,1.0e-10,40.782928466796875,4.097295824962699,4.097295824962699,0.0,9.995268557272396e-9,NaN,49,INTERRUPTED,gap_and_residual
23,0.2702404435837083,MadNLP,1.0,0.01,27.815818786621094,4.097501046007398,4.097295824962699,0.005008694843289483,3.469446951953614e-17,NaN,38,INTERRUPTED,gap_and_residual
23,0.2702404435837083,ADMM,1.0,0.0001,213.30022811889648,4.128953517576799,4.097295824962699,0.7726484483064766,5.7719939938749576e-12,0.036694838698661844,17,converged,gap_callback_with_solver_termination
23,0.2702404435837083,MEL-ADMM,1.0,0.01,50.45652389526367,4.097882774615596,4.097295824962699,0.014325293509953128,4.3021142204224816e-16,0.00865606539725976,29,converged,gap_residual_and_feasibility
23,0.2702404435837083,sMEL-ADMM,1.0,0.01,2.610038,4.098947285528186,4.097295824962699,0.04030611007937078,2.8754776337791554e-14,0.001135847826469394,37,converged,gap_residual_and_feasibility
24,0.509143559208959,IPOPT,1.0,1.0e-10,25.75206756591797,3.6383102637398586,3.6383102637398586,0.0,9.995268168694338e-9,NaN,33,INTERRUPTED,gap_and_residual
24,0.509143559208959,MadNLP,1.0,0.01,13.53597640991211,3.63851978253261,3.6383102637398586,0.005758684047356699,1.6812939929167214e-14,NaN,20,INTERRUPTED,gap_and_residual
24,0.509143559208959,ADMM,1.0,0.0001,224.2729663848877,3.6702486500883884,3.6383102637398586,0.8778356993584171,3.95516952522712e-16,0.024881817143307956,18,converged,gap_callback_with_solver_termination
24,0.509143559208959,MEL-ADMM,1.0,0.01,54.00729179382324,3.6387086907405184,3.6383102637398586,0.010950880265233142,3.2395960913866872e-16,0.005880248374349329,31,converged,gap_residual_and_feasibility
24,0.509143559208959,sMEL-ADMM,1.0,0.01,2.121039,3.63995655812621,3.6383102637398586,0.04524887288361957,2.930988785010413e-14,0.0011777661134875328,37,converged,gap_residual_and_feasibility
25,0.608597687821486,IPOPT,1.0,1.0e-10,27.564048767089844,3.4472369538849166,3.4472369538849166,0.0,9.995268612783548e-9,NaN,33,INTERRUPTED,gap_and_residual
25,0.608597687821486,MadNLP,1.0,0.01,17.261028289794922,3.4474376687681905,3.4472369538849166,0.005822485833116012,2.013189961957984e-14,NaN,23,INTERRUPTED,gap_and_residual
25,0.608597687821486,ADMM,1.0,0.0001,249.6936321258545,3.474173709816398,3.4472369538849166,0.7814013452462178,3.86843335142828e-16,0.02415067639384752,20,converged,gap_callback_with_solver_termination
25,0.608597687821486,MEL-ADMM,1.0,0.01,64.35346603393555,3.447598270149893,3.4472369538849166,0.010481329534631283,4.0939474033052647e-16,0.007871744005949454,36,converged,gap_residual_and_feasibility
25,0.608597687821486,sMEL-ADMM,1.0,0.01,2.990209,3.458365604083501,3.4472369538849166,0.3228281185035149,2.90878432451791e-14,0.0056279589447029155,46,converged,gap_residual_and_feasibility
26,0.5156405416126328,IPOPT,1.0,1.0e-10,25.319814682006836,3.625828128012989,3.625828128012989,0.0,9.995268057672035e-9,NaN,33,INTERRUPTED,gap_and_residual
26,0.5156405416126328,MadNLP,1.0,0.01,13.511896133422852,3.626037287516067,3.625828128012989,0.005768599494891867,1.3312267954646018e-14,NaN,20,INTERRUPTED,gap_and_residual
26,0.5156405416126328,ADMM,1.0,0.0001,222.94330596923828,3.658422391841384,3.625828128012989,0.8989467420304148,4.198030811863873e-16,0.02488071690141925,18,converged,gap_callback_with_solver_termination
26,0.5156405416126328,MEL-ADMM,1.0,0.01,54.4431209564209,3.626253800364561,3.625828128012989,0.011740003567277967,3.8510861166685117e-16,0.00804648959511085,31,converged,gap_residual_and_feasibility
26,0.5156405416126328,sMEL-ADMM,1.0,0.01,2.294419,3.627473875456865,3.625828128012989,0.04538956028172019,2.930988785010413e-14,0.001198211976341812,37,converged,gap_residual_and_feasibility
27,0.7328939743119018,IPOPT,1.0,1.0e-10,28.49578857421875,3.2084363812618215,3.2084363812618215,0.0,9.995268557272396e-9,NaN,33,INTERRUPTED,gap_and_residual
27,0.7328939743119018,MadNLP,1.0,0.01,17.847061157226562,3.208614544458907,3.2084363812618215,0.005552960255847931,2.3675506000131463e-14,NaN,23,INTERRUPTED,gap_and_residual
27,0.7328939743119018,ADMM,1.0,0.0001,284.9993705749512,3.2358095485238336,3.2084363812618215,0.85316222636918,2.444600077922132e-12,0.02359108100788294,23,converged,gap_callback_with_solver_termination
27,0.7328939743119018,MEL-ADMM,1.0,0.01,80.84988594055176,3.2087175288354257,3.2084363812618215,0.008762759805560828,3.7470027081099033e-16,0.006267113102814715,47,converged,gap_residual_and_feasibility
27,0.7328939743119018,sMEL-ADMM,1.0,0.01,2.869627,3.2358847765476795,3.2084363812618215,0.8555069206347483,2.8976820942716586e-14,0.008392112642955585,51,converged,gap_residual_and_feasibility
28,0.3874249457193082,IPOPT,1.0,1.0e-10,22.596120834350586,3.8721585581734606,3.8721585581734606,0.0,9.99526739153822e-9,NaN,29,INTERRUPTED,gap_and_residual
28,0.3874249457193082,MadNLP,1.0,0.01,13.475894927978516,3.872376268542376,3.8721585581734606,0.005622454908408417,1.3603701498610121e-14,NaN,20,INTERRUPTED,gap_and_residual
28,0.3874249457193082,ADMM,1.0,0.0001,211.78936958312988,3.9044916225843798,3.8721585581734606,0.835013957335752,4.163336342344337e-16,0.03218386145471955,17,converged,gap_callback_with_solver_termination
28,0.3874249457193082,MEL-ADMM,1.0,0.01,50.82058906555176,3.8727578297293093,3.8721585581734606,0.015476420886323304,3.885780586188048e-16,0.008982729506700558,29,converged,gap_residual_and_feasibility
28,0.3874249457193082,sMEL-ADMM,1.0,0.01,2.427003,3.8738032338555604,3.8721585581734606,0.042474388829666546,3.0309088572266774e-14,0.0010968966658784995,37,converged,gap_residual_and_feasibility
29,0.39897867351998323,IPOPT,1.0,1.0e-10,22.53103256225586,3.849961299569561,3.849961299569561,0.0,9.995268834828153e-9,NaN,29,INTERRUPTED,gap_and_residual
29,0.39897867351998323,MadNLP,1.0,0.01,13.401985168457031,3.8501766290493524,3.849961299569561,0.005593029722542372,2.1468937738688965e-14,NaN,20,INTERRUPTED,gap_and_residual
29,0.39897867351998323,ADMM,1.0,0.0001,214.07103538513184,3.882678937938252,3.849961299569561,0.8498173312118391,1.3347656313555945e-13,0.030845345341670737,17,converged,gap_callback_with_solver_termination
29,0.39897867351998323,MEL-ADMM,1.0,0.01,56.908607482910156,3.8505620686271267,3.849961299569561,0.015604547963449204,4.0939474033052647e-16,0.009019101221007662,29,converged,gap_residual_and_feasibility
29,0.39897867351998323,sMEL-ADMM,1.0,0.01,2.493502,3.8516057755054893,3.849961299569561,0.04271409003804948,2.9531932455029164e-14,0.001090944457067622,37,converged,gap_residual_and_feasibility
30,0.37412909015079604,IPOPT,1.0,1.0e-10,22.602081298828125,3.8977028283437387,3.8977028283437387,0.0,9.995268224205489e-9,NaN,29,INTERRUPTED,gap_and_residual
30,0.37412909015079604,MadNLP,1.0,0.01,13.611793518066406,3.8979244395487704,3.8977028283437387,0.0056856875649982305,1.434269369937624e-14,NaN,20,INTERRUPTED,gap_and_residual
30,0.37412909015079604,ADMM,1.0,0.0001,214.84732627868652,3.9297343715431974,3.8977028283437387,0.8218056791433204,3.608224830031759e-16,0.03378831099059745,17,converged,gap_callback_with_solver_termination
30,0.37412909015079604,MEL-ADMM,1.0,0.01,51.798343658447266,3.8983004106250294,3.8977028283437387,0.015331653222640131,3.122502256758253e-16,0.00894090034761299,29,converged,gap_residual_and_feasibility
30,0.37412909015079604,sMEL-ADMM,1.0,0.01,2.159248,3.899347741680479,3.8977028283437387,0.042202122870388104,2.892130979148533e-14,0.001103850116065108,37,converged,gap_residual_and_feasibility
31,0.44054030536947375,IPOPT,1.0,1.0e-10,25.73394775390625,3.770112240800041,3.770112240800041,0.0,9.995268168694338e-9,NaN,33,INTERRUPTED,gap_and_residual
31,0.44054030536947375,MadNLP,1.0,0.01,15.97285270690918,3.7703239101907164,3.770112240800041,0.005614405544345275,2.0511370379949767e-14,NaN,24,INTERRUPTED,gap_and_residual
31,0.44054030536947375,ADMM,1.0,0.0001,211.7171287536621,3.8052936738304584,3.770112240800041,0.9331667277617102,4.3021142204224816e-16,0.026012678981989452,17,converged,gap_callback_with_solver_termination
31,0.44054030536947375,MEL-ADMM,1.0,0.01,52.15954780578613,3.7707205819204805,3.770112240800041,0.016135888843206464,3.677613769070831e-16,0.009150131226499903,29,converged,gap_residual_and_feasibility
31,0.44054030536947375,sMEL-ADMM,1.0,0.01,2.2147040000000002,3.7717582639898852,3.770112240800041,0.04365979272529582,2.9531932455029164e-14,0.0010786377391169056,37,converged,gap_residual_and_feasibility
32,0.6219976619441033,IPOPT,1.0,1.0e-10,40.197134017944336,3.421492649014938,3.421492649014938,0.0,9.995268168694338e-9,NaN,46,INTERRUPTED,gap_and_residual
32,0.6219976619441033,MadNLP,1.0,0.01,25.49600601196289,3.4216915262602834,3.421492649014938,0.0058125872461732295,1.4415552085367267e-14,NaN,33,INTERRUPTED,gap_and_residual
32,0.6219976619441033,ADMM,1.0,0.0001,249.0999698638916,3.450132699705727,3.421492649014938,0.8370630490477514,1.1539103006441565e-12,0.02415109267606291,20,converged,gap_callback_with_solver_termination
32,0.6219976619441033,MEL-ADMM,1.0,0.01,66.11251831054688,3.4218384603964607,3.421492649014938,0.010107032719250076,3.677613769070831e-16,0.007142622065905902,37,converged,gap_residual_and_feasibility
32,0.6219976619441033,sMEL-ADMM,1.0,0.01,3.1445819999999998,3.432609650352985,3.421492649014938,0.3249167097070245,3.042011087472929e-14,0.005627958944744216,46,converged,gap_residual_and_feasibility
33,0.6603922323320581,IPOPT,1.0,1.0e-10,21.81410789489746,3.347728213623152,3.347728213623152,0.0,9.99526827971664e-9,NaN,28,INTERRUPTED,gap_and_residual
33,0.6603922323320581,MadNLP,1.0,0.01,12.729883193969727,3.3479208929046265,3.347728213623152,0.0057555234230272645,2.2298135560205878e-14,NaN,19,INTERRUPTED,gap_and_residual
33,0.6603922323320581,ADMM,1.0,0.0001,262.9964351654053,3.3748870961211823,3.347728213623152,0.8112630645316613,1.7011392294818961e-12,0.02399632650853751,21,converged,gap_callback_with_solver_termination
33,0.6603922323320581,MEL-ADMM,1.0,0.01,71.69103622436523,3.348045442237308,3.347728213623152,0.009475936931350333,3.95516952522712e-16,0.006234515353582571,40,converged,gap_residual_and_feasibility
33,0.6603922323320581,sMEL-ADMM,1.0,0.01,2.917209,3.358813573668483,3.347728213623152,0.33113082478501205,3.019806626980426e-14,0.005627958944883216,46,converged,gap_residual_and_feasibility
34,0.3928217334956574,IPOPT,1.0,1.0e-10,22.691965103149414,3.8617901389092477,3.8617901389092477,0.0,9.995267946649733e-9,NaN,29,INTERRUPTED,gap_and_residual
34,0.3928217334956574,MadNLP,1.0,0.01,13.494014739990234,3.8620065909734604,3.8617901389092477,0.005604967034119069,1.6906614996869962e-14,NaN,20,INTERRUPTED,gap_and_residual
34,0.3928217334956574,ADMM,1.0,0.0001,212.56041526794434,3.8942881697383664,3.8617901389092477,0.841527624758442,7.220057884893549e-13,0.03154107942605467,17,converged,gap_callback_with_solver_termination
34,0.3928217334956574,MEL-ADMM,1.0,0.01,51.32102966308594,3.862390106366201,3.8617901389092477,0.015535993292554041,3.7470027081099033e-16,0.008999716252366218,29,converged,gap_residual_and_feasibility
34,0.3928217334956574,sMEL-ADMM,1.0,0.01,1.9961699999999998,3.8634347175222836,3.8617901389092477,0.042585913627621784,3.042011087472929e-14,0.0010940426329028472,37,converged,gap_residual_and_feasibility
35,0.27881544293397387,IPOPT,1.0,1.0e-10,37.780046463012695,4.08082136049646,4.08082136049646,0.0,9.995267946649733e-9,NaN,45,INTERRUPTED,gap_and_residual
35,0.27881544293397387,MadNLP,1.0,0.01,25.574922561645508,4.0810836376564295,4.08082136049646,0.006427067906200636,1.5452916724001398e-14,NaN,35,INTERRUPTED,gap_and_residual
35,0.27881544293397387,ADMM,1.0,0.0001,220.2906608581543,4.112482474683205,4.08082136049646,0.7758515110030035,3.7470027081099033e-16,0.03670015642029428,17,converged,gap_callback_with_solver_termination
35,0.27881544293397387,MEL-ADMM,1.0,0.01,52.18768119812012,4.0814081696239395,4.08082136049646,0.0143796818248494,3.642919299551295e-16,0.008656066807648254,29,converged,gap_residual_and_feasibility
35,0.27881544293397387,sMEL-ADMM,1.0,0.01,2.856167,4.082471213326042,4.08082136049646,0.04042943034835039,2.986499936241671e-14,0.0011340325431845044,37,converged,gap_residual_and_feasibility
36,0.5816818806183403,IPOPT,1.0,1.0e-10,25.61497688293457,3.4989481542289402,3.4989481542289402,0.0,9.995268668294699e-9,NaN,33,INTERRUPTED,gap_and_residual
36,0.5816818806183403,MadNLP,1.0,0.01,13.409137725830078,3.499152048976364,3.4989481542289402,0.005827315479860057,1.5036583089766964e-14,NaN,20,INTERRUPTED,gap_and_residual
36,0.5816818806183403,ADMM,1.0,0.0001,239.09878730773926,3.5302043106802845,3.4989481542289402,0.8933015030121864,4.0722633598555547e-16,0.024502525124763124,19,converged,gap_callback_with_solver_termination
36,0.5816818806183403,MEL-ADMM,1.0,0.01,68.59827041625977,3.4992880756827316,3.4989481542289402,0.009714961148553136,4.40619762898109e-16,0.0041618306775671465,35,converged,gap_residual_and_feasibility
36,0.5816818806183403,sMEL-ADMM,1.0,0.01,3.0195,3.5101002834755795,3.4989481542289402,0.31872805069033106,2.986499936241671e-14,0.005627958944627642,46,converged,gap_residual_and_feasibility
37,0.28534507615587235,IPOPT,1.0,1.0e-10,37.32895851135254,4.0682764953485595,4.0682764953485595,0.0,9.995268113183187e-9,NaN,43,INTERRUPTED,gap_and_residual
37,0.28534507615587235,MadNLP,1.0,0.01,25.78902244567871,4.068535536041802,4.0682764953485595,0.006367332543363591,1.7041923427996153e-14,NaN,33,INTERRUPTED,gap_and_residual
37,0.28534507615587235,ADMM,1.0,0.0001,214.9057388305664,4.099948926330136,4.0682764953485595,0.778522084666286,3.5388358909926865e-16,0.03670301394570643,17,converged,gap_callback_with_solver_termination
37,0.28534507615587235,MEL-ADMM,1.0,0.01,50.81510543823242,4.068863466065816,4.0682764953485595,0.014427994703093987,3.885780586188048e-16,0.008662449519559945,29,converged,gap_residual_and_feasibility
37,0.28534507615587235,sMEL-ADMM,1.0,0.01,2.474791,4.0699253511841755,4.0682764953485595,0.040529591277811014,2.9531932455029164e-14,0.0011326584883512903,37,converged,gap_residual_and_feasibility
38,0.7267954993753094,IPOPT,1.0,1.0e-10,51.28312110900879,3.2201528962769204,3.2201528962769204,0.0,9.99526827971664e-9,NaN,56,INTERRUPTED,gap_and_residual
38,0.7267954993753094,MadNLP,1.0,0.01,19.423961639404297,3.2203323840312383,3.2201528962769204,0.005573889194065769,3.475691956467131e-14,NaN,30,INTERRUPTED,gap_and_residual
38,0.7267954993753094,ADMM,1.0,0.0001,277.6827812194824,3.251840211038176,3.2201528962769204,0.9840313731031777,7.072120666862247e-12,0.023799363183792294,22,converged,gap_callback_with_solver_termination
38,0.7267954993753094,MEL-ADMM,1.0,0.01,80.30557632446289,3.2204436933342766,3.2201528962769204,0.009030535714389656,3.694961003830599e-16,0.007600125801439805,46,converged,gap_residual_and_feasibility
38,0.7267954993753094,sMEL-ADMM,1.0,0.01,2.902082,3.249406287095506,3.2201528962769204,0.9084472620044813,2.853273173286652e-14,0.00562795894523882,46,converged,gap_residual_and_feasibility
39,0.4508793717567228,IPOPT,1.0,1.0e-10,21.960973739624023,3.7502486145938523,3.7502486145938523,0.0,9.995267946649733e-9,NaN,28,INTERRUPTED,gap_and_residual
39,0.4508793717567228,MadNLP,1.0,0.01,12.305021286010742,3.7504604756719013,3.7502486145938523,0.005649254218096455,1.8439026347460974e-14,NaN,18,INTERRUPTED,gap_and_residual
39,0.4508793717567228,ADMM,1.0,0.0001,212.54301071166992,3.7863412675388908,3.7502486145938523,0.9624069402915382,3.95516952522712e-16,0.02566677539349445,17,converged,gap_callback_with_solver_termination
39,0.4508793717567228,MEL-ADMM,1.0,0.01,52.069902420043945,3.75088903935361,3.7502486145938523,0.017076861445014954,6.836525789921666e-11,0.009301437278292135,29,converged,gap_residual_and_feasibility
39,0.4508793717567228,sMEL-ADMM,1.0,0.01,2.646163,3.751895144927325,3.7502486145938523,0.04390456480845994,2.942091015256665e-14,0.0010818600286780944,37,converged,gap_residual_and_feasibility
40,0.6116850634187863,IPOPT,1.0,1.0e-10,28.191089630126953,3.441305424622421,3.441305424622421,0.0,9.99526827971664e-9,NaN,33,INTERRUPTED,gap_and_residual
40,0.6116850634187863,MadNLP,1.0,0.01,16.575098037719727,3.441506090045391,3.441305424622421,0.005831084376710143,1.4585554986012994e-14,NaN,21,INTERRUPTED,gap_and_residual
40,0.6116850634187863,ADMM,1.0,0.0001,251.24382972717285,3.468625542170368,3.441305424622421,0.7938881958129159,3.7470027081099033e-16,0.024150767096540758,20,converged,gap_callback_with_solver_termination
40,0.6116850634187863,MEL-ADMM,1.0,0.01,65.29068946838379,3.4416805928541905,3.441305424622421,0.010901916147433546,3.7470027081099033e-16,0.009226584282465478,36,converged,gap_residual_and_feasibility
40,0.6116850634187863,sMEL-ADMM,1.0,0.01,3.184129,3.452431513481718,3.441305424622421,0.32331012468960174,2.886579864025407e-14,0.005627958944711908,46,converged,gap_residual_and_feasibility
41,0.4868256657990442,IPOPT,1.0,1.0e-10,24.72996711730957,3.681187857886163,3.681187857886163,0.0,9.995267502560523e-9,NaN,32,INTERRUPTED,gap_and_residual
41,0.4868256657990442,MadNLP,1.0,0.01,13.074874877929688,3.6813984447645547,3.681187857886163,0.005720622976101795,2.0011770018868447e-14,NaN,19,INTERRUPTED,gap_and_residual
41,0.4868256657990442,ADMM,1.0,0.0001,225.65841674804688,3.71101144877182,3.681187857886163,0.8101621551795167,3.4867941867133823e-16,0.025033069160998893,18,converged,gap_callback_with_solver_termination
41,0.4868256657990442,MEL-ADMM,1.0,0.01,53.29561233520508,3.681658903049267,3.681187857886163,0.012796009910087022,3.8467493079785697e-16,0.00620131534151558,30,converged,gap_residual_and_feasibility
41,0.4868256657990442,sMEL-ADMM,1.0,0.01,2.555126,3.6828351995417354,3.681187857886163,0.044750274073717115,2.9531932455029164e-14,0.0011204097856913565,37,converged,gap_residual_and_feasibility
42,0.6930088414984616,IPOPT,1.0,1.0e-10,30.80892562866211,3.2850645157293155,3.2850645157293155,0.0,9.995268668294699e-9,NaN,38,INTERRUPTED,gap_and_residual
42,0.6930088414984616,MadNLP,1.0,0.01,18.830060958862305,3.285250997769929,3.2850645157293155,0.005676662961124345,1.9748092050519972e-14,NaN,26,INTERRUPTED,gap_and_residual
42,0.6930088414984616,ADMM,1.0,0.0001,261.7068290710449,3.317228998317984,3.2850645157293155,0.9791126607913093,1.8582153593627027e-9,0.023996832005912655,21,converged,gap_callback_with_solver_termination
42,0.6930088414984616,MEL-ADMM,1.0,0.01,75.7904052734375,3.2853606453804782,3.2850645157293155,0.009014424214345304,1.1166623181679824e-12,0.005446892168036066,43,converged,gap_residual_and_feasibility
42,0.6930088414984616,sMEL-ADMM,1.0,0.01,3.02854,3.2961345949251704,3.2850645157293155,0.33698209404563967,2.8754776337791554e-14,0.005627958945029099,46,converged,gap_residual_and_feasibility
43,0.6545689732203787,IPOPT,1.0,1.0e-10,21.033048629760742,3.3589159783558404,3.3589159783558404,0.0,9.995268002160884e-9,NaN,27,INTERRUPTED,gap_and_residual
43,0.6545689732203787,MadNLP,1.0,0.01,11.74306869506836,3.359104050717563,3.3589159783558404,0.005599198161977503,9.022296798555374e-14,NaN,17,INTERRUPTED,gap_and_residual
43,0.6545689732203787,ADMM,1.0,0.0001,258.7695121765137,3.392140549721485,3.3589159783558404,0.989145652339534,7.983613770079501e-13,0.024152077356052352,20,converged,gap_callback_with_solver_termination
43,0.6545689732203787,MEL-ADMM,1.0,0.01,71.3205337524414,3.359263924792941,3.3589159783558404,0.010358890765426662,3.608224830031759e-16,0.009334562471245266,39,converged,gap_residual_and_feasibility
43,0.6545689732203787,sMEL-ADMM,1.0,0.01,2.787207,3.3700050969216497,3.3589159783558404,0.3301398021643078,2.964295475749168e-14,0.005627958944859124,46,converged,gap_residual_and_feasibility
44,0.28576540787769134,IPOPT,1.0,1.0e-10,37.394046783447266,4.067468945431374,4.067468945431374,0.0,9.99526827971664e-9,NaN,43,INTERRUPTED,gap_and_residual
44,0.28576540787769134,MadNLP,1.0,0.01,25.413990020751953,4.067727778948659,4.067468945431374,0.006363503219263337,1.6160683902199935e-14,NaN,33,INTERRUPTED,gap_and_residual
44,0.28576540787769134,ADMM,1.0,0.0001,216.29786491394043,4.099142964827639,4.067468945431374,0.7787157030870858,3.8380756905986857e-16,0.036703043294194854,17,converged,gap_callback_with_solver_termination
44,0.28576540787769134,MEL-ADMM,1.0,0.01,50.74000358581543,4.0680559641392176,4.067468945431374,0.014432039081772404,3.660266534311063e-16,0.008663757394816639,29,converged,gap_residual_and_feasibility
44,0.28576540787769134,sMEL-ADMM,1.0,0.01,2.3074139999999996,4.069117762571859,4.067468945431374,0.040536686637456444,3.008704396734174e-14,0.0011325711645566172,37,converged,gap_residual_and_feasibility
45,0.7041459771315879,IPOPT,1.0,1.0e-10,24.5819091796875,3.263667622534307,3.263667622534307,0.0,9.995268557272396e-9,NaN,32,INTERRUPTED,gap_and_residual
45,0.7041459771315879,MadNLP,1.0,0.01,13.361930847167969,3.2637993778044314,3.263667622534307,0.004037030891706191,5.287437154777308e-15,NaN,20,INTERRUPTED,gap_and_residual
45,0.7041459771315879,ADMM,1.0,0.0001,272.9077339172363,3.2915076746549445,3.263667622534307,0.853029638447651,1.9651724691982508e-11,0.023799661227837502,22,converged,gap_callback_with_solver_termination
45,0.7041459771315879,MEL-ADMM,1.0,0.01,75.12617111206055,3.263960332406289,3.263667622534307,0.008968740258995762,3.5388358909926865e-16,0.0058222041781800914,44,converged,gap_residual_and_feasibility
45,0.7041459771315879,sMEL-ADMM,1.0,0.01,3.1173379999999997,3.2747348478057483,3.263667622534307,0.33910393310355796,2.8310687127941492e-14,0.00562795894509216,46,converged,gap_residual_and_feasibility
46,0.39495427032477404,IPOPT,1.0,1.0e-10,22.35698699951172,3.857693065454265,3.857693065454265,0.0,9.995268002160884e-9,NaN,29,INTERRUPTED,gap_and_residual
46,0.39495427032477404,MadNLP,1.0,0.01,13.46898078918457,3.8579090706464236,3.857693065454265,0.005599335885299655,1.7583157152500917e-14,NaN,20,INTERRUPTED,gap_and_residual
46,0.39495427032477404,ADMM,1.0,0.0001,210.93368530273438,3.8902633140233327,3.857693065454265,0.8442934162060515,9.189871086334733e-14,0.03130368434788454,17,converged,gap_callback_with_solver_termination
46,0.39495427032477404,MEL-ADMM,1.0,0.01,49.880027770996094,3.858293309631723,3.857693065454265,0.015559666548730587,3.8163916471489756e-16,0.009006421063382276,29,converged,gap_residual_and_feasibility
46,0.39495427032477404,sMEL-ADMM,1.0,0.01,2.220996,3.859337607315454,3.857693065454265,0.04263018942372374,2.8976820942716586e-14,0.001092937851264486,37,converged,gap_residual_and_feasibility
47,0.5214327740944773,IPOPT,1.0,1.0e-10,25.21991729736328,3.6146999722773208,3.6146999722773208,0.0,9.995267891138582e-9,NaN,33,INTERRUPTED,gap_and_residual
47,0.5214327740944773,MadNLP,1.0,0.01,13.41700553894043,3.614908790970366,3.6146999722773208,0.005776930164236053,1.745652233875461e-14,NaN,20,INTERRUPTED,gap_and_residual
47,0.5214327740944773,ADMM,1.0,0.0001,223.8783836364746,3.647894662994213,3.6146999722773208,0.918324922441042,1.1483591855210307e-12,0.024879642123608863,18,converged,gap_callback_with_solver_termination
47,0.5214327740944773,MEL-ADMM,1.0,0.01,55.62996864318848,3.6150627224765897,3.6146999722773208,0.010035416550501792,3.1051550219984847e-16,0.0034890069811760235,32,converged,gap_residual_and_feasibility
47,0.5214327740944773,sMEL-ADMM,1.0,0.01,2.708667,3.6163452342920057,3.6146999722773208,0.045515866525663924,3.108624468950438e-14,0.0012169502218530527,37,converged,gap_residual_and_feasibility
48,0.3161929620779189,IPOPT,1.0,1.0e-10,32.212018966674805,4.009010904795622,4.009010904795622,0.0,9.995268057672035e-9,NaN,38,INTERRUPTED,gap_and_residual
48,0.3161929620779189,MadNLP,1.0,0.01,21.989107131958008,4.009255662130582,4.009010904795622,0.006105180074884881,1.8050665129276666e-14,NaN,29,INTERRUPTED,gap_and_residual
48,0.3161929620779189,ADMM,1.0,0.0001,210.98828315734863,4.041331264049483,4.009010904795622,0.8061928495928714,3.885780586188048e-16,0.04143291589747242,17,converged,gap_callback_with_solver_termination
48,0.3161929620779189,MEL-ADMM,1.0,0.01,50.7960319519043,4.009601456953651,4.009010904795622,0.014730619897343662,3.5388358909926865e-16,0.008759029600167412,29,converged,gap_residual_and_feasibility
48,0.3161929620779189,sMEL-ADMM,1.0,0.01,2.603707,4.010657142388608,4.009010904795622,0.04106343514845707,2.9753977059954195e-14,0.0011252077098049653,37,converged,gap_residual_and_feasibility
49,0.3290178857468601,IPOPT,1.0,1.0e-10,32.59587287902832,3.9843713986409117,3.9843713986409117,0.0,9.99526739153822e-9,NaN,31,INTERRUPTED,gap_and_residual
49,0.3290178857468601,MadNLP,1.0,0.01,18.991947174072266,3.9846105424968203,3.9843713986409117,0.006002047298858538,1.5154544286133387e-14,NaN,22,INTERRUPTED,gap_and_residual
49,0.3290178857468601,ADMM,1.0,0.0001,218.72663497924805,4.016419220561926,3.9843713986409117,0.8043382183685478,1.0225154056797692e-13,0.03968962258522511,17,converged,gap_callback_with_solver_termination
49,0.3290178857468601,MEL-ADMM,1.0,0.01,51.18727684020996,3.984963468206632,3.9843713986409117,0.01485979861019987,1.858513343222512e-13,0.008799228544535541,29,converged,gap_residual_and_feasibility
49,0.3290178857468601,sMEL-ADMM,1.0,0.01,2.204376,3.9860173311487324,3.9843713986409117,0.04130971596628946,2.864375403532904e-14,0.0011217011354537898,37,converged,gap_residual_and_feasibility
50,0.6960363289468714,IPOPT,1.0,1.0e-10,26.411056518554688,3.279248044805665,3.279248044805665,0.0,9.99526783562743e-9,NaN,34,INTERRUPTED,gap_and_residual
50,0.6960363289468714,MadNLP,1.0,0.01,16.12091064453125,3.2793791866107944,3.279248044805665,0.0039991425881079285,4.517219931443606e-15,NaN,25,INTERRUPTED,gap_and_residual
50,0.6960363289468714,ADMM,1.0,0.0001,261.79981231689453,3.311914263065003,3.279248044805665,0.9961496603186627,1.5874090930623197e-10,0.023996866789113815,21,converged,gap_callback_with_solver_termination
50,0.6960363289468714,MEL-ADMM,1.0,0.01,74.01084899902344,3.2795504295807145,3.279248044805665,0.009221162013913603,4.371503159461554e-16,0.006763271785714897,43,converged,gap_residual_and_feasibility
50,0.6960363289468714,sMEL-ADMM,1.0,0.01,3.159627,3.2903171847247545,3.279248044805665,0.33755116318886524,2.930988785010413e-14,0.005627958945045086,46,converged,gap_residual_and_feasibility
51,0.5861669802270939,IPOPT,1.0,1.0e-10,24.788856506347656,3.4903312889541738,3.4903312889541738,0.0,9.995268501761245e-9,NaN,32,INTERRUPTED,gap_and_residual
51,0.5861669802270939,MadNLP,1.0,0.01,13.428211212158203,3.490534700076715,3.4903312889541738,0.005827845717254142,1.9741153156616065e-14,NaN,20,INTERRUPTED,gap_and_residual
51,0.5861669802270939,ADMM,1.0,0.0001,241.94860458374023,3.52213552797079,3.4903312889541738,0.9112097501250694,4.614364446098307e-16,0.02450291927059522,19,converged,gap_callback_with_solver_termination
51,0.5861669802270939,MEL-ADMM,1.0,0.01,63.81702423095703,3.4906804071951107,3.4903312889541738,0.010002438508969798,3.5388358909926865e-16,0.005502171890171437,35,converged,gap_residual_and_feasibility
51,0.5861669802270939,sMEL-ADMM,1.0,0.01,2.91779,3.5014790052870324,3.4903312889541738,0.3193884880824265,2.8754776337791554e-14,0.005627958944639411,46,converged,gap_residual_and_feasibility
52,0.7029108507999683,IPOPT,1.0,1.0e-10,25.151968002319336,3.26604057255221,3.26604057255221,0.0,9.995267669093977e-9,NaN,32,INTERRUPTED,gap_and_residual
52,0.7029108507999683,MadNLP,1.0,0.01,12.856006622314453,3.266225075505699,3.26604057255221,0.0056491323175713965,1.4802395420510095e-14,NaN,19,INTERRUPTED,gap_and_residual
52,0.7029108507999683,ADMM,1.0,0.0001,282.787561416626,3.2936819326854825,3.26604057255221,0.8463262938485954,3.885780586188048e-16,0.0237996747936412,22,converged,gap_callback_with_solver_termination
52,0.7029108507999683,MEL-ADMM,1.0,0.01,79.04052734375,3.2663312358272503,3.26604057255221,0.00889956106127649,3.8510861166685117e-16,0.005299096695415107,44,converged,gap_residual_and_feasibility
52,0.7029108507999683,sMEL-ADMM,1.0,0.01,2.6705840000000003,3.2771080373681674,3.26604057255221,0.3388648906865507,2.919886554764162e-14,0.005627958945084721,46,converged,gap_residual_and_feasibility
53,0.2750178068860151,IPOPT,1.0,1.0e-10,66.0400390625,4.088117456690988,4.088117456690988,0.0,9.995267946649733e-9,NaN,69,INTERRUPTED,gap_and_residual
53,0.2750178068860151,MadNLP,1.0,0.01,28.57518196105957,4.088382036265891,4.088117456690988,0.006471917152727302,1.3863910020006642e-14,NaN,34,INTERRUPTED,gap_and_residual
53,0.2750178068860151,ADMM,1.0,0.0001,214.524507522583,4.11977644143307,4.088117456690988,0.7744147539172763,4.0245584642661925e-16,0.036697851689798215,17,converged,gap_callback_with_solver_termination
53,0.2750178068860151,MEL-ADMM,1.0,0.01,50.95696449279785,4.088704327747991,4.088117456690988,0.014355533157274772,3.608224830031759e-16,0.008656065570486569,29,converged,gap_residual_and_feasibility
53,0.2750178068860151,sMEL-ADMM,1.0,0.01,2.29738,4.089768077067092,4.088117456690988,0.04037605067834869,3.0309088572266774e-14,0.0011348499813887856,37,converged,gap_residual_and_feasibility
54,0.5747040421967808,IPOPT,1.0,1.0e-10,26.04508399963379,3.5123541203908375,3.5123541203908375,0.0,9.995268612783548e-9,NaN,33,INTERRUPTED,gap_and_residual
54,0.5747040421967808,MadNLP,1.0,0.01,13.383865356445312,3.5125587321648113,3.5123541203908375,0.005825488175748832,1.5092094240998222e-14,NaN,20,INTERRUPTED,gap_and_residual
54,0.5747040421967808,ADMM,1.0,0.0001,239.04705047607422,3.542778623844662,3.5123541203908375,0.8662140094928391,7.715494909632525e-13,0.024501962071095607,19,converged,gap_callback_with_solver_termination
54,0.5747040421967808,MEL-ADMM,1.0,0.01,60.211896896362305,3.512733744585022,3.5123541203908375,0.010808255123837754,3.930189507173054e-13,0.007592708661755298,34,converged,gap_residual_and_feasibility
54,0.5747040421967808,sMEL-ADMM,1.0,0.01,3.0766679999999997,3.5235134138213,3.5123541203908375,0.3177154992908443,2.9753977059954195e-14,0.005627958944609546,46,converged,gap_residual_and_feasibility
55,0.451339088841107,IPOPT,1.0,1.0e-10,21.70705795288086,3.749365396711038,3.749365396711038,0.0,9.995268557272396e-9,NaN,28,INTERRUPTED,gap_and_residual
55,0.451339088841107,MadNLP,1.0,0.01,12.392044067382812,3.7495772444025506,3.749365396711038,0.005650227947869713,2.0979745718463505e-14,NaN,18,INTERRUPTED,gap_and_residual
55,0.451339088841107,ADMM,1.0,0.0001,214.09225463867188,3.78550144064705,3.749365396711038,0.9637909382668018,3.8163916471489756e-16,0.02566664462882096,17,converged,gap_callback_with_solver_termination
55,0.451339088841107,MEL-ADMM,1.0,0.01,51.70583724975586,3.7500091418755295,3.749365396711038,0.01716944326248683,3.400058012914542e-16,0.00937276818114403,29,converged,gap_residual_and_feasibility
55,0.451339088841107,sMEL-ADMM,1.0,0.01,2.6559589999999997,3.751011952669739,3.749365396711038,0.04391559062623509,2.90878432451791e-14,0.0010820730363870102,37,converged,gap_residual_and_feasibility
56,0.7226966482718395,IPOPT,1.0,1.0e-10,24.491071701049805,3.2280276930085248,3.2280276930085248,0.0,9.995269001361606e-9,NaN,33,INTERRUPTED,gap_and_residual
56,0.7226966482718395,MadNLP,1.0,0.01,16.727924346923828,3.2282080636358947,3.2280276930085248,0.005587641883018326,2.1142809725205325e-14,NaN,28,INTERRUPTED,gap_and_residual
56,0.7226966482718395,ADMM,1.0,0.0001,276.65233612060547,3.2589895685321593,3.2280276930085248,0.9591576798022449,1.4106715795492164e-11,0.023799424127351372,22,converged,gap_callback_with_solver_termination
56,0.7226966482718395,MEL-ADMM,1.0,0.01,79.02836799621582,3.2283108281732242,3.2280276930085248,0.00877115042453629,3.0184188481996443e-16,0.0056279085982209095,46,converged,gap_residual_and_feasibility
56,0.7226966482718395,sMEL-ADMM,1.0,0.01,3.288582,3.2505050349942604,3.2280276930085248,0.6963181274565425,2.7977620220553945e-14,0.005627958945208511,46,converged,gap_residual_and_feasibility
57,0.4962443575910711,IPOPT,1.0,1.0e-10,24.43385124206543,3.6630924742121698,3.6630924742121698,0.0,9.995268390738943e-9,NaN,32,INTERRUPTED,gap_and_residual
57,0.4962443575910711,MadNLP,1.0,0.01,12.836933135986328,3.663295688375822,3.6630924742121698,0.005547612163293933,5.870304242705515e-14,NaN,19,INTERRUPTED,gap_and_residual
57,0.4962443575910711,ADMM,1.0,0.0001,225.1443862915039,3.6937829219206484,3.6630924742121698,0.8378289088942339,4.0939474033052647e-16,0.0248842760746375,18,converged,gap_callback_with_solver_termination
57,0.4962443575910711,MEL-ADMM,1.0,0.01,54.21257019042969,3.6636105170282263,3.6630924742121698,0.014142225993568814,3.608224830031759e-16,0.009410295237705868,30,converged,gap_residual_and_feasibility
57,0.4962443575910711,sMEL-ADMM,1.0,0.01,2.8014569999999996,3.664739792020705,3.6630924742121698,0.04497068583805035,3.019806626980426e-14,0.0011415884902137741,37,converged,gap_residual_and_feasibility
58,0.3374662042179045,IPOPT,1.0,1.0e-10,33.605098724365234,3.9681403160756075,3.9681403160756075,0.0,9.995267946649733e-9,NaN,40,INTERRUPTED,gap_and_residual
58,0.3374662042179045,MadNLP,1.0,0.01,22.539854049682617,3.968375866110464,3.9681403160756075,0.0059360308883750984,1.570618635149401e-14,NaN,31,INTERRUPTED,gap_and_residual
58,0.3374662042179045,ADMM,1.0,0.0001,211.42125129699707,4.000069927339743,3.9681403160756075,0.8046492492914862,3.400058012914542e-16,0.03854293419103879,17,converged,gap_callback_with_solver_termination
58,0.3374662042179045,MEL-ADMM,1.0,0.01,50.93216896057129,3.9687333958722966,3.9681403160756075,0.01494603893633583,4.0245584642661925e-16,0.008825730599084113,29,converged,gap_residual_and_feasibility
58,0.3374662042179045,sMEL-ADMM,1.0,0.01,2.183417,3.969786042848574,3.9681403160756075,0.041473502494341646,2.8310687127941492e-14,0.001119225700055526,37,converged,gap_residual_and_feasibility
59,0.6115661856852312,IPOPT,1.0,1.0e-10,28.01799774169922,3.4415338149601085,3.4415338149601085,0.0,9.995268002160884e-9,NaN,33,INTERRUPTED,gap_and_residual
59,0.6115661856852312,MadNLP,1.0,0.01,16.522884368896484,3.441734495797232,3.4415338149601085,0.005831145294903107,1.6882328868206287e-14,NaN,21,INTERRUPTED,gap_and_residual
59,0.6115661856852312,ADMM,1.0,0.0001,251.1129379272461,3.468839071679459,3.4415338149601085,0.7934037027518458,3.677613769070831e-16,0.02415076348470613,20,converged,gap_callback_with_solver_termination
59,0.6115661856852312,MEL-ADMM,1.0,0.01,64.78357315063477,3.4419084160085927,3.4415338149601085,0.010884712126198683,3.608224830031759e-16,0.009172774960315055,36,converged,gap_residual_and_feasibility
59,0.6115661856852312,sMEL-ADMM,1.0,0.01,2.7779570000000002,3.4526600035199966,3.4415338149601085,0.3232915658571579,2.986499936241671e-14,0.005627958944711686,46,converged,gap_residual_and_feasibility
60,0.29616698039461326,IPOPT,1.0,1.0e-10,27.128934860229492,4.04748523116803,4.04748523116803,0.0,9.995268501761245e-9,NaN,34,INTERRUPTED,gap_and_residual
60,0.29616698039461326,MadNLP,1.0,0.01,17.13705062866211,4.047739390000646,4.04748523116803,0.006279425818757676,1.6644671751997464e-14,NaN,25,INTERRUPTED,gap_and_residual
60,0.29616698039461326,ADMM,1.0,0.0001,211.92145347595215,4.079228953690577,4.04748523116803,0.7842826028888695,3.95516952522712e-16,0.03670376402679584,17,converged,gap_callback_with_solver_termination
60,0.29616698039461326,MEL-ADMM,1.0,0.01,50.34375190734863,4.048073448965565,4.04748523116803,0.014532920169924924,3.608224830031759e-16,0.008696296339114194,29,converged,gap_residual_and_feasibility
60,0.29616698039461326,sMEL-ADMM,1.0,0.01,2.1364579999999997,4.049132956104725,4.04748523116803,0.04070984432524378,3.008704396734174e-14,0.0011303112445863127,37,converged,gap_residual_and_feasibility
61,0.7023878301046271,IPOPT,1.0,1.0e-10,24.723052978515625,3.267045410629582,3.267045410629582,0.0,9.995268668294699e-9,NaN,32,INTERRUPTED,gap_and_residual
61,0.7023878301046271,MadNLP,1.0,0.01,12.765169143676758,3.267230019670282,3.267045410629582,0.00565064201738418,1.7551932129933334e-14,NaN,19,INTERRUPTED,gap_and_residual
61,0.7023878301046271,ADMM,1.0,0.0001,273.62918853759766,3.2946029713869027,3.267045410629582,0.8435010014755296,3.7470027081099033e-16,0.02379968033094805,22,converged,gap_callback_with_solver_termination
61,0.7023878301046271,MEL-ADMM,1.0,0.01,73.47464561462402,3.267365356090958,3.267045410629582,0.009793113384193242,3.5735303605122226e-16,0.009906210231166423,43,converged,gap_residual_and_feasibility
61,0.7023878301046271,sMEL-ADMM,1.0,0.01,2.757416,3.2781129827418654,3.267045410629582,0.3387639509470635,2.8976820942716586e-14,0.0056279589450817236,46,converged,gap_residual_and_feasibility
62,0.7249969404162471,IPOPT,1.0,1.0e-10,21.52109146118164,3.223608324604246,3.223608324604246,0.0,9.995268335227792e-9,NaN,27,INTERRUPTED,gap_and_residual
62,0.7249969404162471,MadNLP,1.0,0.01,12.403011322021484,3.223788200162339,3.223608324604246,0.005579944583215722,1.6295992333326126e-14,NaN,18,INTERRUPTED,gap_and_residual
62,0.7249969404162471,ADMM,1.0,0.0001,273.35596084594727,3.254975696471665,3.223608324604246,0.9730515840900086,1.6397994073713562e-13,0.023799390432081534,22,converged,gap_callback_with_solver_termination
62,0.7249969404162471,MEL-ADMM,1.0,0.01,79.46419715881348,3.2238954038841063,3.223608324604246,0.008905526073655442,3.5388358909926865e-16,0.006702425956801438,46,converged,gap_residual_and_feasibility
62,0.7249969404162471,sMEL-ADMM,1.0,0.01,2.679247,3.249942178218228,3.223608324604246,0.8169061176876946,2.986499936241671e-14,0.005627958945225275,46,converged,gap_residual_and_feasibility
63,0.48781234582387767,IPOPT,1.0,1.0e-10,24.458885192871094,3.6792922280038955,3.6792922280038955,0.0,9.995267946649733e-9,NaN,32,INTERRUPTED,gap_and_residual
63,0.48781234582387767,MadNLP,1.0,0.01,12.843847274780273,3.6795027726551135,3.6792922280038955,0.005722422633773049,1.4023504579796509e-14,NaN,19,INTERRUPTED,gap_and_residual
63,0.48781234582387767,ADMM,1.0,0.0001,222.40495681762695,3.7092049262201123,3.6792922280038955,0.8130014242561303,3.400058012914542e-16,0.024990011084231475,18,converged,gap_callback_with_solver_termination
63,0.48781234582387767,MEL-ADMM,1.0,0.01,52.73032188415527,3.679767070967049,3.6792922280038955,0.01290582355865768,8.93285445613401e-13,0.006497763440344894,30,converged,gap_residual_and_feasibility
63,0.48781234582387767,sMEL-ADMM,1.0,0.01,2.43979,3.680939590178637,3.6792922280038955,0.04477388782013703,2.9531932455029164e-14,0.0011224418604015352,37,converged,gap_residual_and_feasibility
64,0.5406903974996202,IPOPT,1.0,1.0e-10,25.151968002319336,3.577701831573716,3.577701831573716,0.0,9.995267891138582e-9,NaN,33,INTERRUPTED,gap_and_residual
64,0.5406903974996202,MadNLP,1.0,0.01,13.172149658203125,3.5779093665571766,3.577701831573716,0.0058007903741218985,1.9220736113823023e-14,NaN,20,INTERRUPTED,gap_and_residual
64,0.5406903974996202,ADMM,1.0,0.0001,224.17140007019043,3.613001773118482,3.577701831573716,0.9866652730319506,6.504796701278792e-12,0.02487591994079509,18,converged,gap_callback_with_solver_termination
64,0.5406903974996202,MEL-ADMM,1.0,0.01,56.25581741333008,3.5781298623101474,3.577701831573716,0.011963845971010337,3.9898639947466563e-16,0.00945917513971024,32,converged,gap_residual_and_feasibility
64,0.5406903974996202,sMEL-ADMM,1.0,0.01,2.548878,3.579346904914741,3.577701831573716,0.045981286827961695,2.8976820942716586e-14,0.0012902579227306533,37,converged,gap_residual_and_feasibility
65,0.39288181146734297,IPOPT,1.0,1.0e-10,22.559165954589844,3.8616747158789595,3.8616747158789595,0.0,9.995268501761245e-9,NaN,29,INTERRUPTED,gap_and_residual
65,0.39288181146734297,MadNLP,1.0,0.01,13.608217239379883,3.8618911541406593,3.8616747158789595,0.005604777140079501,1.8193779816044753e-14,NaN,20,INTERRUPTED,gap_and_residual
65,0.39288181146734297,ADMM,1.0,0.0001,211.50827407836914,3.8941747261137403,3.8616747158789595,0.8416040351908153,1.205174848806223e-12,0.03153439147845888,17,converged,gap_callback_with_solver_termination
65,0.39288181146734297,MEL-ADMM,1.0,0.01,49.83019828796387,3.862274691117391,3.8616747158789595,0.015536659158901261,3.191891195797325e-16,0.008999905401831685,29,converged,gap_residual_and_feasibility
65,0.39288181146734297,sMEL-ADMM,1.0,0.01,2.671124,3.8633192934400924,3.8616747158789595,0.04258715925426087,2.864375403532904e-14,0.0010940110599233941,37,converged,gap_residual_and_feasibility
66,0.5627048085520532,IPOPT,1.0,1.0e-10,28.93996238708496,3.535407293951417,3.535407293951417,0.0,9.995268446250094e-9,NaN,34,INTERRUPTED,gap_and_residual
66,0.5627048085520532,MadNLP,1.0,0.01,17.915010452270508,3.5356063128844597,3.535407293951417,0.005629307078226056,7.889522368742519e-14,NaN,21,INTERRUPTED,gap_and_residual
66,0.5627048085520532,ADMM,1.0,0.0001,242.8600788116455,3.5644597559546045,3.535407293951417,0.8217571438768032,8.589240430012524e-13,0.024501008629409973,19,converged,gap_callback_with_solver_termination
66,0.5627048085520532,MEL-ADMM,1.0,0.01,63.69519233703613,3.5357539036244714,3.535407293951417,0.009803953101732335,4.2327252813834093e-16,0.0038478578824116434,34,converged,gap_residual_and_feasibility
66,0.5627048085520532,sMEL-ADMM,1.0,0.01,2.9046689999999997,3.5465769924780144,3.535407293951417,0.31593809702511483,2.964295475749168e-14,0.005627958944577016,46,converged,gap_residual_and_feasibility
67,0.6569580530278702,IPOPT,1.0,1.0e-10,21.53491973876953,3.3543260292738517,3.3543260292738517,0.0,9.995268168694338e-9,NaN,27,INTERRUPTED,gap_and_residual
67,0.6569580530278702,MadNLP,1.0,0.01,12.295961380004883,3.354519317040253,3.3543260292738517,0.0057623428585773274,2.239528007486058e-14,NaN,18,INTERRUPTED,gap_and_residual
67,0.6569580530278702,ADMM,1.0,0.0001,269.1805362701416,3.380998852458162,3.3543260292738517,0.7951768239441007,2.2056800830227985e-12,0.023996265654704557,21,converged,gap_callback_with_solver_termination
67,0.6569580530278702,MEL-ADMM,1.0,0.01,73.01449775695801,3.3546360196982548,3.3543260292738517,0.00924151146005797,4.0939474033052647e-16,0.004929339649414111,40,converged,gap_residual_and_feasibility
67,0.6569580530278702,sMEL-ADMM,1.0,0.01,2.6564129999999997,3.365413557210009,3.3543260292738517,0.3305441343326291,2.942091015256665e-14,0.005627958944869005,46,converged,gap_residual_and_feasibility
68,0.47822060822139323,IPOPT,1.0,1.0e-10,24.89781379699707,3.6977200708349054,3.6977200708349054,0.0,9.995268945850455e-9,NaN,32,INTERRUPTED,gap_and_residual
68,0.47822060822139323,MadNLP,1.0,0.01,13.04483413696289,3.6979310082270906,3.6977200708349054,0.005704525711640023,1.814173811176545e-14,NaN,19,INTERRUPTED,gap_and_residual
68,0.47822060822139323,ADMM,1.0,0.0001,235.45074462890625,3.7267820620488123,3.6977200708349054,0.7859435180918136,5.888062259984395e-11,0.025251778387295067,18,converged,gap_callback_with_solver_termination
68,0.47822060822139323,MEL-ADMM,1.0,0.01,54.015159606933594,3.698164411021391,3.6977200708349054,0.01201659882234432,1.7784662631470383e-12,0.004798264301267931,30,converged,gap_residual_and_feasibility
68,0.47822060822139323,sMEL-ADMM,1.0,0.01,2.486464,3.6993673425925917,3.6977200708349054,0.04454830885330841,2.886579864025407e-14,0.001106782634503656,37,converged,gap_residual_and_feasibility
69,0.290607237923707,IPOPT,1.0,1.0e-10,42.15812683105469,4.058166722330604,4.058166722330604,0.0,9.995267946649733e-9,NaN,50,INTERRUPTED,gap_and_residual
69,0.290607237923707,MadNLP,1.0,0.01,26.02100372314453,4.058353082455967,4.058166722330604,0.00459222447262183,1.4828416272649747e-14,NaN,33,INTERRUPTED,gap_and_residual
69,0.290607237923707,ADMM,1.0,0.0001,215.43145179748535,4.089845503716196,4.058166722330604,0.7806180364960212,4.510281037539698e-16,0.036703378867116034,17,converged,gap_callback_with_solver_termination
69,0.290607237923707,MEL-ADMM,1.0,0.01,50.99201202392578,4.05875429788496,4.058166722330604,0.014478842160979017,4.718447854656915e-16,0.008678897683429776,29,converged,gap_residual_and_feasibility
69,0.290607237923707,sMEL-ADMM,1.0,0.01,2.317126,4.059815069793251,4.058166722330604,0.04061803211721871,3.042011087472929e-14,0.0011315492014241867,37,converged,gap_residual_and_feasibility
70,0.314471201230871,IPOPT,1.0,1.0e-10,39.77704048156738,4.0123187870164365,4.0123187870164365,0.0,9.995267669093977e-9,NaN,48,INTERRUPTED,gap_and_residual
70,0.314471201230871,MadNLP,1.0,0.01,23.07295799255371,4.012564313308061,4.0123187870164365,0.0061193116663265735,1.3917686447761923e-14,NaN,30,INTERRUPTED,gap_and_residual
70,0.314471201230871,ADMM,1.0,0.0001,222.14460372924805,4.044683909068084,4.0123187870164365,0.8066438328972899,3.677613769070831e-16,0.04166534794902641,17,converged,gap_callback_with_solver_termination
70,0.314471201230871,MEL-ADMM,1.0,0.01,52.21390724182129,4.012909136827949,4.0123187870164365,0.014713432377865827,3.677613769070831e-16,0.008753635249438107,29,converged,gap_residual_and_feasibility
70,0.314471201230871,sMEL-ADMM,1.0,0.01,2.485626,4.013965064301255,4.0123187870164365,0.041030570405957874,3.064215547965432e-14,0.0011256867818032813,37,converged,gap_residual_and_feasibility
71,0.574193741399072,IPOPT,1.0,1.0e-10,25.494098663330078,3.513334520740226,3.513334520740226,0.0,9.995267669093977e-9,NaN,33,INTERRUPTED,gap_and_residual
71,0.574193741399072,MadNLP,1.0,0.01,13.324975967407227,3.5135391832896885,3.513334520740226,0.005825307788208485,1.78537740147533e-14,NaN,20,INTERRUPTED,gap_and_residual
71,0.574193741399072,ADMM,1.0,0.0001,236.48500442504883,3.543699199366514,3.513334520740226,0.8642694980235063,3.5735303605122226e-16,0.0245019054571221,19,converged,gap_callback_with_solver_termination
71,0.574193741399072,MEL-ADMM,1.0,0.01,60.38475036621094,3.513711975081153,3.513334520740226,0.010743478558581054,7.290168468898628e-12,0.007391854759149118,34,converged,gap_residual_and_feasibility
71,0.574193741399072,sMEL-ADMM,1.0,0.01,2.99717,3.5244943302490097,3.513334520740226,0.31764152951858504,2.7755575615628914e-14,0.005627958944607991,46,converged,gap_residual_and_feasibility
72,0.6458490394516732,IPOPT,1.0,1.0e-10,50.62699317932129,3.375668893796827,3.375668893796827,0.0,9.995267613582826e-9,NaN,56,INTERRUPTED,gap_and_residual
72,0.6458490394516732,MadNLP,1.0,0.01,25.532960891723633,3.375864076080167,3.375668893796827,0.005782032820186085,1.4037382367604323e-14,NaN,32,INTERRUPTED,gap_and_residual
72,0.6458490394516732,ADMM,1.0,0.0001,250.27990341186523,3.407602226863525,3.375668893796827,0.9459853460562829,1.705635632731628e-12,0.024151835986138834,20,converged,gap_callback_with_solver_termination
72,0.6458490394516732,MEL-ADMM,1.0,0.01,69.3209171295166,3.375988445763625,3.375668893796827,0.009466330284508618,3.608224830031759e-16,0.0055625462091270835,39,converged,gap_residual_and_feasibility
72,0.6458490394516732,sMEL-ADMM,1.0,0.01,2.5696299999999996,3.3867644577883826,3.375668893796827,0.3286923078251279,2.942091015256665e-14,0.005627958944824818,46,converged,gap_residual_and_feasibility
73,0.2971031068627258,IPOPT,1.0,1.0e-10,30.048131942749023,4.0456867258148534,4.0456867258148534,0.0,9.99526872380585e-9,NaN,38,INTERRUPTED,gap_and_residual
73,0.2971031068627258,MadNLP,1.0,0.01,19.21701431274414,4.045940026683777,4.0456867258148534,0.006261010456077058,1.8485213360008856e-14,NaN,28,INTERRUPTED,gap_and_residual
73,0.2971031068627258,ADMM,1.0,0.0001,212.92448043823242,4.077454569004472,4.0456867258148534,0.78522746180305,3.3306690738754696e-16,0.036703828900303416,17,converged,gap_callback_with_solver_termination
73,0.2971031068627258,MEL-ADMM,1.0,0.01,49.77774620056152,4.04627505205817,4.0456867258148534,0.014542061291161847,3.642919299551295e-16,0.008699229144788823,29,converged,gap_residual_and_feasibility
73,0.2971031068627258,sMEL-ADMM,1.0,0.01,2.515959,4.047334329390564,4.0456867258148534,0.040724942077135944,2.8976820942716586e-14,0.0011300958679545392,37,converged,gap_residual_and_feasibility
74,0.6598603640769429,IPOPT,1.0,1.0e-10,21.685123443603516,3.348750049813658,3.348750049813658,0.0,9.995268501761245e-9,NaN,28,INTERRUPTED,gap_and_residual
74,0.6598603640769429,MadNLP,1.0,0.01,12.716054916381836,3.348942824005641,3.348750049813658,0.0057566013920294,1.8686441283222166e-14,NaN,19,INTERRUPTED,gap_and_residual
74,0.6598603640769429,ADMM,1.0,0.0001,261.8532180786133,3.375833159030195,3.348750049813658,0.8087527827896245,6.800671137341396e-13,0.023996317157724247,21,converged,gap_callback_with_solver_termination
74,0.6598603640769429,MEL-ADMM,1.0,0.01,71.1205005645752,3.3490659592174645,3.348750049813658,0.009433651335790967,3.5388358909926865e-16,0.006019452071411191,40,converged,gap_residual_and_feasibility
74,0.6598603640769429,sMEL-ADMM,1.0,0.01,3.277331,3.359835737427153,3.348750049813658,0.3310395654674767,2.90878432451791e-14,0.005627958944880995,46,converged,gap_residual_and_feasibility
75,0.3793683115619419,IPOPT,1.0,1.0e-10,22.670984268188477,3.8876371288091276,3.8876371288091276,0.0,9.995268002160884e-9,NaN,29,INTERRUPTED,gap_and_residual
75,0.3793683115619419,MadNLP,1.0,0.01,13.556957244873047,3.8878571758586458,3.8876371288091276,0.0056601746054826315,1.7381929229287607e-14,NaN,20,INTERRUPTED,gap_and_residual
75,0.3793683115619419,ADMM,1.0,0.0001,212.63647079467773,3.919769962460891,3.8876371288091276,0.8265389126378282,1.1295797630594961e-10,0.03366761236415816,17,converged,gap_callback_with_solver_termination
75,0.3793683115619419,MEL-ADMM,1.0,0.01,51.0103702545166,3.888235372715832,3.8876371288091276,0.01538836796960835,4.0245584642661925e-16,0.00895737936194101,29,converged,gap_residual_and_feasibility
75,0.3793683115619419,sMEL-ADMM,1.0,0.01,2.099452,3.889281952181931,3.8876371288091276,0.04230907665261751,2.9976021664879227e-14,0.001101140599593997,37,converged,gap_residual_and_feasibility
76,0.6082901571998751,IPOPT,1.0,1.0e-10,26.81279182434082,3.4478277880169217,3.4478277880169217,0.0,9.99526827971664e-9,NaN,32,INTERRUPTED,gap_and_residual
76,0.6082901571998751,MadNLP,1.0,0.01,16.716957092285156,3.44802225999098,3.4478277880169217,0.005640420172214687,6.872367258603518e-14,NaN,22,INTERRUPTED,gap_and_residual
76,0.6082901571998751,ADMM,1.0,0.0001,248.20971488952637,3.4747266517782758,3.4478277880169217,0.7801684253152747,3.95516952522712e-16,0.024150666908293993,20,converged,gap_callback_with_solver_termination
76,0.6082901571998751,MEL-ADMM,1.0,0.01,63.71927261352539,3.4481878403255974,3.4478277880169217,0.010442873914037382,3.712308238590367e-16,0.00774223400356091,36,converged,gap_residual_and_feasibility
76,0.6082901571998751,sMEL-ADMM,1.0,0.01,2.953002,3.458956690483608,3.4478277880169217,0.32278011405806034,2.919886554764162e-14,0.005627958944702138,46,converged,gap_residual_and_feasibility
77,0.7098282452565958,IPOPT,1.0,1.0e-10,20.446062088012695,3.252750732574327,3.252750732574327,0.0,9.995269056872758e-9,NaN,26,INTERRUPTED,gap_and_residual
77,0.7098282452565958,MadNLP,1.0,0.01,11.574983596801758,3.2529338162186323,3.252750732574327,0.005628578989224549,2.2605181615453773e-14,NaN,17,INTERRUPTED,gap_and_residual
77,0.7098282452565958,ADMM,1.0,0.0001,272.37510681152344,3.281519424954653,3.252750732574327,0.8844419614520503,3.7470027081099033e-16,0.02379959474211638,22,converged,gap_callback_with_solver_termination
77,0.7098282452565958,MEL-ADMM,1.0,0.01,75.12021064758301,3.2530567719884123,3.252750732574327,0.009408634083782353,3.885780586188048e-16,0.008544301846882419,44,converged,gap_residual_and_feasibility
77,0.7098282452565958,sMEL-ADMM,1.0,0.01,2.913874,3.26381719084791,3.252750732574327,0.3402184545762831,2.9753977059954195e-14,0.005627958945125577,46,converged,gap_residual_and_feasibility
78,0.4365619816606586,IPOPT,1.0,1.0e-10,25.0089168548584,3.777755477831244,3.777755477831244,0.0,9.995268890339304e-9,NaN,32,INTERRUPTED,gap_and_residual
78,0.4365619816606586,MadNLP,1.0,0.01,12.890100479125977,3.7779677280694623,3.777755477831244,0.005618421823858217,1.5779044737485037e-14,NaN,19,INTERRUPTED,gap_and_residual
78,0.4365619816606586,ADMM,1.0,0.0001,209.2723846435547,3.812619770621723,3.777755477831244,0.9228837862871501,2.38581376876823e-12,0.02705429016516764,17,converged,gap_callback_with_solver_termination
78,0.4365619816606586,MEL-ADMM,1.0,0.01,50.534963607788086,3.7783617356311496,3.777755477831244,0.016048095316476007,4.0245584642661925e-16,0.009137573572057956,29,converged,gap_residual_and_feasibility
78,0.4365619816606586,sMEL-ADMM,1.0,0.01,2.535788,3.77940116759909,3.777755477831244,0.04356263335474162,2.9531932455029164e-14,0.0010790209893398405,37,converged,gap_residual_and_feasibility
79,0.5079668477555298,IPOPT,1.0,1.0e-10,24.570941925048828,3.6405709858967747,3.6405709858967747,0.0,9.995269056872758e-9,NaN,32,INTERRUPTED,gap_and_residual
79,0.5079668477555298,MadNLP,1.0,0.01,13.428926467895508,3.6407805672803186,3.6405709858967747,0.005756827276704009,1.5737411374061594e-14,NaN,20,INTERRUPTED,gap_and_residual
79,0.5079668477555298,ADMM,1.0,0.0001,222.3966121673584,3.6723925628863054,3.6405709858967747,0.874082035834611,4.0939474033052647e-16,0.02488203018002668,18,converged,gap_callback_with_solver_termination
79,0.5079668477555298,MEL-ADMM,1.0,0.01,56.41031265258789,3.6409656965493884,3.6405709858967747,0.010841998525580784,3.4954678040932663e-16,0.0055365127427545735,31,converged,gap_residual_and_feasibility
79,0.5079668477555298,sMEL-ADMM,1.0,0.01,2.507876,3.6422174226535304,3.6405709858967747,0.04522468489513942,2.853273173286652e-14,0.0011741270495443268,37,converged,gap_residual_and_feasibility
80,0.5598125186475604,IPOPT,1.0,1.0e-10,30.381202697753906,3.5409640205832935,3.5409640205832935,0.0,9.995268779317001e-9,NaN,35,INTERRUPTED,gap_and_residual
80,0.5598125186475604,MadNLP,1.0,0.01,17.812013626098633,3.5411632865091938,3.5409640205832935,0.0056274484784915955,6.169544042311514e-14,NaN,22,INTERRUPTED,gap_and_residual
80,0.5598125186475604,ADMM,1.0,0.0001,238.6012077331543,3.569696393474562,3.5409640205832935,0.8114279818786546,1.8020029912690916e-12,0.024500795767247473,19,converged,gap_callback_with_solver_termination
80,0.5598125186475604,MEL-ADMM,1.0,0.01,59.48686599731445,3.5413741134595527,3.5409640205832935,0.01158139065732715,3.95516952522712e-16,0.009115900514557063,33,converged,gap_residual_and_feasibility
80,0.5598125186475604,sMEL-ADMM,1.0,0.01,3.273417,3.5521352483248867,3.5409640205832935,0.3154854914270768,2.8976820942716586e-14,0.005627958944569245,46,converged,gap_residual_and_feasibility
81,0.2851026186558792,IPOPT,1.0,1.0e-10,37.51182556152344,4.068742309665861,4.068742309665861,0.0,9.995268668294699e-9,NaN,43,INTERRUPTED,gap_and_residual
81,0.2851026186558792,MadNLP,1.0,0.01,25.802135467529297,4.069001469928132,4.068742309665861,0.006369542294559318,1.7968265764167768e-14,NaN,33,INTERRUPTED,gap_and_residual
81,0.2851026186558792,ADMM,1.0,0.0001,215.47579765319824,4.100413829308049,4.068742309665861,0.7784105561796846,4.163336342344337e-16,0.036702996833638375,17,converged,gap_callback_with_solver_termination
81,0.2851026186558792,MEL-ADMM,1.0,0.01,51.11098289489746,4.06932925285561,4.068742309665861,0.014425666338080892,3.7470027081099033e-16,0.008661698634634151,29,converged,gap_residual_and_feasibility
81,0.2851026186558792,sMEL-ADMM,1.0,0.01,2.910499,4.070391187686834,4.068742309665861,0.040525496467435404,2.886579864025407e-14,0.001132708914717051,37,converged,gap_residual_and_feasibility
82,0.634837436219009,IPOPT,1.0,1.0e-10,36.956071853637695,3.396824611571717,3.396824611571717,0.0,9.995268113183187e-9,NaN,41,INTERRUPTED,gap_and_residual
82,0.634837436219009,MadNLP,1.0,0.01,18.786191940307617,3.3970211601701337,3.396824611571717,0.005786245122789422,1.6518036938251157e-14,NaN,25,INTERRUPTED,gap_and_residual
82,0.634837436219009,ADMM,1.0,0.0001,252.50244140625,3.4271948896990674,3.396824611571717,0.8940784880058352,4.128641872824801e-16,0.024151508004712427,20,converged,gap_callback_with_solver_termination
82,0.634837436219009,MEL-ADMM,1.0,0.01,67.96073913574219,3.3971577590590374,3.396824611571717,0.009807615211735864,4.124305064134859e-16,0.006544886567886455,38,converged,gap_residual_and_feasibility
82,0.634837436219009,sMEL-ADMM,1.0,0.01,2.8646689999999997,3.40792966812027,3.396824611571717,0.32692463751947337,2.930988785010413e-14,0.005627958944785516,46,converged,gap_residual_and_feasibility
83,0.5772616859633901,IPOPT,1.0,1.0e-10,25.276899337768555,3.5074403227764654,3.5074403227764654,0.0,9.995267558071674e-9,NaN,33,INTERRUPTED,gap_and_residual
83,0.5772616859633901,MadNLP,1.0,0.01,13.36216926574707,3.507644676672261,3.5074403227764654,0.005826297156601746,2.0299734115880597e-14,NaN,20,INTERRUPTED,gap_and_residual
83,0.5772616859633901,ADMM,1.0,0.0001,238.33703994750977,3.5381667073747374,3.5074403227764654,0.8760344231302312,3.7470027081099033e-16,0.024502174942776168,19,converged,gap_callback_with_solver_termination
83,0.5772616859633901,MEL-ADMM,1.0,0.01,60.80484390258789,3.5078318440116716,3.5074403227764654,0.01116259149624569,1.957323192414151e-13,0.008639287936409822,34,converged,gap_residual_and_feasibility
83,0.5772616859633901,sMEL-ADMM,1.0,0.01,3.025748,3.5185969845638074,3.5074403227764654,0.3180855769631583,2.90878432451791e-14,0.005627958944616318,46,converged,gap_residual_and_feasibility
84,0.7338694255220637,IPOPT,1.0,1.0e-10,31.856060028076172,3.2065623244083956,3.2065623244083956,0.0,9.995269278917362e-9,NaN,36,INTERRUPTED,gap_and_residual
84,0.7338694255220637,MadNLP,1.0,0.01,22.3391056060791,3.206695551450071,3.2065623244083956,0.004154824643857717,3.122502256758253e-17,NaN,28,INTERRUPTED,gap_and_residual
84,0.7338694255220637,ADMM,1.0,0.0001,308.8381290435791,3.234104216036855,3.2065623244083956,0.8589226979563153,1.8730572648451016e-12,0.02359119516058237,23,converged,gap_callback_with_solver_termination
84,0.7338694255220637,MEL-ADMM,1.0,0.01,82.2761058807373,3.2068451523601293,3.2065623244083956,0.00882028549954706,4.579669976578771e-16,0.006744055548461492,47,converged,gap_residual_and_feasibility
84,0.7338694255220637,sMEL-ADMM,1.0,0.01,2.9503340000000002,3.2347376166109774,3.2065623244083956,0.8786759573675224,2.842170943040401e-14,0.008392112642980232,51,converged,gap_residual_and_feasibility
85,0.667927226597046,IPOPT,1.0,1.0e-10,26.618003845214844,3.3332518282379002,3.3332518282379002,0.0,9.99526827971664e-9,NaN,34,INTERRUPTED,gap_and_residual
85,0.667927226597046,MadNLP,1.0,0.01,16.11495018005371,3.3334431378987186,3.3332518282379002,0.005739430162392121,2.2776919239575477e-14,NaN,25,INTERRUPTED,gap_and_residual
85,0.667927226597046,ADMM,1.0,0.0001,266.5431499481201,3.3615038835383957,3.3332518282379002,0.8475823836997851,1.072375521715685e-11,0.02399645502119641,21,converged,gap_callback_with_solver_termination
85,0.667927226597046,MEL-ADMM,1.0,0.01,73.32801818847656,3.333593974185767,3.3332518282379002,0.01026462942188921,3.469446951953614e-16,0.009672710781455263,40,converged,gap_residual_and_feasibility
85,0.667927226597046,sMEL-ADMM,1.0,0.01,2.998545,3.344332883044576,3.3332518282379002,0.3324397728609033,2.90878432451791e-14,0.005627958944915301,46,converged,gap_residual_and_feasibility
86,0.2860748221638096,IPOPT,1.0,1.0e-10,38.05088996887207,4.066874492364519,4.066874492364519,0.0,9.995268834828153e-9,NaN,43,INTERRUPTED,gap_and_residual
86,0.2860748221638096,MadNLP,1.0,0.01,25.973081588745117,4.06713317346728,4.066874492364519,0.006360685662814874,1.3915951724285947e-14,NaN,33,INTERRUPTED,gap_and_residual
86,0.2860748221638096,ADMM,1.0,0.0001,219.31123733520508,4.098549686365139,4.066874492364519,0.7788584098203546,2.24192886477681e-12,0.036703064788253165,17,converged,gap_callback_with_solver_termination
86,0.2860748221638096,MEL-ADMM,1.0,0.01,50.83274841308594,4.067461546516021,4.066874492364519,0.014435020126723395,3.3133218391157016e-16,0.008664722764701604,29,converged,gap_residual_and_feasibility
86,0.2860748221638096,sMEL-ADMM,1.0,0.01,2.502626,4.068523280830489,4.066874492364519,0.04054190679023247,2.964295475749168e-14,0.0011325069613260519,37,converged,gap_residual_and_feasibility
87,0.5781820038530925,IPOPT,1.0,1.0e-10,25.4819393157959,3.505672189188069,3.505672189188069,0.0,9.995268168694338e-9,NaN,33,INTERRUPTED,gap_and_residual
87,0.5781820038530925,MadNLP,1.0,0.01,13.316869735717773,3.5058764489003194,3.505672189188069,0.005826549124599491,1.594557819117881e-14,NaN,20,INTERRUPTED,gap_and_residual
87,0.5781820038530925,ADMM,1.0,0.0001,238.04688453674316,3.536508032796095,3.505672189188069,0.8795986031759576,3.5388358909926865e-16,0.024502251525871797,19,converged,gap_callback_with_solver_termination
87,0.5781820038530925,MEL-ADMM,1.0,0.01,61.93113327026367,3.506068385474212,3.505672189188069,0.011301578264080106,1.0423883978205595e-12,0.009031970874051743,34,converged,gap_residual_and_feasibility
87,0.5781820038530925,sMEL-ADMM,1.0,0.01,2.776458,3.5168278944010276,3.505672189188069,0.31821872128729867,2.986499936241671e-14,0.0056279589446183165,46,converged,gap_residual_and_feasibility
88,0.432012774600436,IPOPT,1.0,1.0e-10,24.583101272583008,3.786495507655435,3.786495507655435,0.0,9.995267558071674e-9,NaN,32,INTERRUPTED,gap_and_residual
88,0.432012774600436,MadNLP,1.0,0.01,13.525009155273438,3.78670786927144,3.786495507655435,0.005608394769666886,1.6878859421254333e-14,NaN,20,INTERRUPTED,gap_and_residual
88,0.432012774600436,ADMM,1.0,0.0001,211.17138862609863,3.821019561193103,3.786495507655435,0.9117679782761672,4.0245584642661925e-16,0.02705251068594757,17,converged,gap_callback_with_solver_termination
88,0.432012774600436,MEL-ADMM,1.0,0.01,50.00782012939453,3.787100761521517,3.786495507655435,0.015984539394235033,1.3778422847110505e-12,0.00912322396675904,29,converged,gap_residual_and_feasibility
88,0.432012774600436,sMEL-ADMM,1.0,0.01,2.055124,3.7881409335112397,3.786495507655435,0.043455111790785456,2.986499936241671e-14,0.0010796935348239,37,converged,gap_residual_and_feasibility
89,0.7058821427020365,IPOPT,1.0,1.0e-10,24.972915649414062,3.260332065663718,3.260332065663718,0.0,9.995268612783548e-9,NaN,32,INTERRUPTED,gap_and_residual
89,0.7058821427020365,MadNLP,1.0,0.01,13.510942459106445,3.260463938298635,3.260332065663718,0.0040447608483103505,5.218048215738236e-15,NaN,20,INTERRUPTED,gap_and_residual
89,0.7058821427020365,ADMM,1.0,0.0001,279.2999744415283,3.288453312368967,3.260332065663718,0.8625270720552949,3.608224830031759e-16,0.023799642023819952,22,converged,gap_callback_with_solver_termination
89,0.7058821427020365,MEL-ADMM,1.0,0.01,80.0621509552002,3.2606282590362308,3.260332065663718,0.009084760893901334,3.608224830031759e-16,0.006605416357621597,44,converged,gap_residual_and_feasibility
89,0.7058821427020365,sMEL-ADMM,1.0,0.01,2.625581,3.271398989635198,3.260332065663718,0.33944161970590125,2.8976820942716586e-14,0.005627958945102152,46,converged,gap_residual_and_feasibility
90,0.6402641737169238,IPOPT,1.0,1.0e-10,34.20305252075195,3.386398652288718,3.386398652288718,0.0,9.99526872380585e-9,NaN,39,INTERRUPTED,gap_and_residual
90,0.6402641737169238,MadNLP,1.0,0.01,17.670154571533203,3.3865888904555295,3.386398652288718,0.005617713280240785,8.961581476896185e-14,NaN,23,INTERRUPTED,gap_and_residual
90,0.6402641737169238,ADMM,1.0,0.0001,254.94909286499023,3.417529941137656,3.386398652288718,0.9193037219022524,1.1641798636219391e-12,0.024151681469888074,20,converged,gap_callback_with_solver_termination
90,0.6402641737169238,MEL-ADMM,1.0,0.01,69.11563873291016,3.38675163894913,3.386398652288718,0.010423659369619072,3.2612801348363973e-16,0.008909195716115769,38,converged,gap_residual_and_feasibility
90,0.6402641737169238,sMEL-ADMM,1.0,0.01,2.854291,3.3974988605943346,3.386398652288718,0.32778799678869763,2.9531932455029164e-14,0.005627958944804279,46,converged,gap_residual_and_feasibility
91,0.29970048240485025,IPOPT,1.0,1.0e-10,28.95212173461914,4.0406965946992,4.0406965946992,0.0,9.995267280515918e-9,NaN,36,INTERRUPTED,gap_and_residual
91,0.29970048240485025,MadNLP,1.0,0.01,18.687009811401367,4.040948643635779,4.0406965946992,0.006237759521701813,1.781561009828181e-14,NaN,27,INTERRUPTED,gap_and_residual
91,0.29970048240485025,ADMM,1.0,0.0001,214.57767486572266,4.0725518726644045,4.0406965946992,0.788361046632263,3.885780586188048e-16,0.03670400888779857,17,converged,gap_callback_with_solver_termination
91,0.29970048240485025,MEL-ADMM,1.0,0.01,50.38595199584961,4.041285221749587,4.0406965946992,0.01456746470792672,3.2612801348363973e-16,0.008707358898347551,29,converged,gap_residual_and_feasibility
91,0.29970048240485025,sMEL-ADMM,1.0,0.01,2.4370849999999997,4.042343889548929,4.0406965946992,0.04076759566384434,2.90878432451791e-14,0.0011294944880650194,37,converged,gap_residual_and_feasibility
92,0.6147237871639953,IPOPT,1.0,1.0e-10,44.24095153808594,3.435467366295108,3.435467366295108,0.0,9.995268390738943e-9,NaN,51,INTERRUPTED,gap_and_residual
92,0.6147237871639953,MadNLP,1.0,0.01,26.97896957397461,3.435667262340869,3.435467366295108,0.005818598299670536,1.9595436384634013e-14,NaN,36,INTERRUPTED,gap_and_residual
92,0.6147237871639953,ADMM,1.0,0.0001,250.84686279296875,3.463170078386854,3.435467366295108,0.806373897290761,3.2612801348363973e-16,0.024150859946111186,20,converged,gap_callback_with_solver_termination
92,0.6147237871639953,MEL-ADMM,1.0,0.01,67.14582443237305,3.435794406660107,3.435467366295108,0.009519530536293624,4.0592529337857286e-16,0.0045321123165381165,37,converged,gap_residual_and_feasibility
92,0.6147237871639953,sMEL-ADMM,1.0,0.01,2.923129,3.4465908619095575,3.435467366295108,0.32378405696938184,2.90878432451791e-14,0.005627958944721456,46,converged,gap_residual_and_feasibility
93,0.7082726144124791,IPOPT,1.0,1.0e-10,20.592212677001953,3.2557394424292623,3.2557394424292623,0.0,9.995268113183187e-9,NaN,26,INTERRUPTED,gap_and_residual
93,0.7082726144124791,MadNLP,1.0,0.01,11.640071868896484,3.2559228449043567,3.2557394424292623,0.005633204939691431,1.9404616802276564e-14,NaN,17,INTERRUPTED,gap_and_residual
93,0.7082726144124791,ADMM,1.0,0.0001,276.38745307922363,3.2842515128728134,3.2557394424292623,0.8757479198727547,3.3306690738754696e-16,0.02379961405587476,22,converged,gap_callback_with_solver_termination
93,0.7082726144124791,MEL-ADMM,1.0,0.01,75.84047317504883,3.2560413908975816,3.2557394424292623,0.009274343775312251,4.0245584642661925e-16,0.007759758287721618,44,converged,gap_residual_and_feasibility
93,0.7082726144124791,sMEL-ADMM,1.0,0.01,2.979083,3.266806051814772,3.2557394424292623,0.3399107815965858,2.90878432451791e-14,0.0056279589451163625,46,converged,gap_residual_and_feasibility
94,0.44084583992997217,IPOPT,1.0,1.0e-10,28.54299545288086,3.769525241541546,3.769525241541546,0.0,9.995268113183187e-9,NaN,38,INTERRUPTED,gap_and_residual
94,0.44084583992997217,MadNLP,1.0,0.01,18.233060836791992,3.769737382167085,3.769525241541546,0.005627781005449309,2.671474153004283e-14,NaN,29,INTERRUPTED,gap_and_residual
94,0.44084583992997217,ADMM,1.0,0.0001,209.9587917327881,3.804731783474736,3.769525241541546,0.9339781451839343,2.2347679262679776e-12,0.025975992361802612,17,converged,gap_callback_with_solver_termination
94,0.44084583992997217,MEL-ADMM,1.0,0.01,51.728248596191406,3.7701338456779045,3.769525241541546,0.016145378989677456,3.95516952522712e-16,0.009151095839618973,29,converged,gap_residual_and_feasibility
94,0.44084583992997217,sMEL-ADMM,1.0,0.01,2.550293,3.771171294018626,3.769525241541546,0.043667368477599014,2.919886554764162e-14,0.0010786182428536017,37,converged,gap_residual_and_feasibility
95,0.5235754725976552,IPOPT,1.0,1.0e-10,25.680065155029297,3.610583376005904,3.610583376005904,0.0,9.99526783562743e-9,NaN,33,INTERRUPTED,gap_and_residual
95,0.5235754725976552,MadNLP,1.0,0.01,13.440132141113281,3.6107851612994635,3.610583376005904,0.005588717183505389,9.674205880827458e-14,NaN,20,INTERRUPTED,gap_and_residual
95,0.5235754725976552,ADMM,1.0,0.0001,223.09565544128418,3.6440039200692103,3.610583376005904,0.925627262491771,4.371503159461554e-16,0.024879238367536007,18,converged,gap_callback_with_solver_termination
95,0.5235754725976552,MEL-ADMM,1.0,0.01,55.719852447509766,3.610949157153552,3.610583376005904,0.010130804625066601,3.191891195797325e-16,0.003951810682814073,32,converged,gap_residual_and_feasibility
95,0.5235754725976552,sMEL-ADMM,1.0,0.01,2.623586,3.6122285784366093,3.610583376005904,0.045566111051156016,2.90878432451791e-14,0.001224080951578044,37,converged,gap_residual_and_feasibility
96,0.3680746880558915,IPOPT,1.0,1.0e-10,23.186922073364258,3.9093346697122606,3.9093346697122606,0.0,9.99526872380585e-9,NaN,30,INTERRUPTED,gap_and_residual
96,0.3680746880558915,MadNLP,1.0,0.01,13.463973999023438,3.9095522661273954,3.9093346697122606,0.005566072836398073,7.091549569793187e-14,NaN,20,INTERRUPTED,gap_and_residual
96,0.3680746880558915,ADMM,1.0,0.0001,211.5042209625244,3.9412774247769233,3.9093346697122606,0.8170892943021887,5.527245328096342e-13,0.034534068517582533,17,converged,gap_callback_with_solver_termination
96,0.3680746880558915,MEL-ADMM,1.0,0.01,51.357269287109375,3.909931493577999,3.9093346697122606,0.015266635275881577,3.5388358909926865e-16,0.008921863779846006,29,converged,gap_residual_and_feasibility
96,0.3680746880558915,sMEL-ADMM,1.0,0.01,2.198917,3.9109796870144233,3.9093346697122606,0.04207921401325788,3.0531133177191805e-14,0.0011070078202915945,37,converged,gap_residual_and_feasibility
97,0.4269410598146789,IPOPT,1.0,1.0e-10,24.497032165527344,3.796239390028886,3.796239390028886,0.0,9.995268779317001e-9,NaN,32,INTERRUPTED,gap_and_residual
97,0.4269410598146789,MadNLP,1.0,0.01,12.820959091186523,3.796451868685073,3.796239390028886,0.005597082648294021,1.1955714196432154e-14,NaN,19,INTERRUPTED,gap_and_residual
97,0.4269410598146789,ADMM,1.0,0.0001,208.70208740234375,3.830411897928739,3.796239390028886,0.9001673600882459,3.920475055707584e-16,0.027527590312880237,17,converged,gap_callback_with_solver_termination
97,0.4269410598146789,MEL-ADMM,1.0,0.01,50.21977424621582,3.796843908401269,3.796239390028886,0.01592413729151694,4.0939474033052647e-16,0.009107227027593034,29,converged,gap_residual_and_feasibility
97,0.4269410598146789,sMEL-ADMM,1.0,0.01,2.468086,3.7978845528473975,3.796239390028886,0.043336645808812926,2.8976820942716586e-14,0.0010807371227803952,37,converged,gap_residual_and_feasibility
98,0.378486962244526,IPOPT,1.0,1.0e-10,24.00994300842285,3.8893303951779163,3.8893303951779163,0.0,9.995268335227792e-9,NaN,29,INTERRUPTED,gap_and_residual
98,0.378486962244526,MadNLP,1.0,0.01,13.686180114746094,3.889550702854294,3.8893303951779163,0.005664411453728911,1.4425960426223128e-14,NaN,20,INTERRUPTED,gap_and_residual
98,0.378486962244526,ADMM,1.0,0.0001,213.63329887390137,3.921444576170098,3.8893303951779163,0.8256994836951261,4.897626748601169e-11,0.033789003933953364,17,converged,gap_callback_with_solver_termination
98,0.378486962244526,MEL-ADMM,1.0,0.01,50.97389221191406,3.8899285274175597,3.8893303951779163,0.015378797347350913,4.128641872824801e-16,0.00895460676749247,29,converged,gap_residual_and_feasibility
98,0.378486962244526,sMEL-ADMM,1.0,0.01,2.229913,3.8909752341239514,3.8893303951779163,0.04229105730061852,2.90878432451791e-14,0.0011015930327119895,37,converged,gap_residual_and_feasibility
99,0.3831254691752507,IPOPT,1.0,1.0e-10,22.408008575439453,3.880418800612633,3.880418800612633,0.0,9.995268612783548e-9,NaN,29,INTERRUPTED,gap_and_residual
99,0.3831254691752507,MadNLP,1.0,0.01,13.550043106079102,3.880637747781489,3.880418800612633,0.0056423592428090025,1.6708856520608606e-14,NaN,20,INTERRUPTED,gap_and_residual
99,0.3831254691752507,ADMM,1.0,0.0001,211.195707321167,3.912638276144402,3.880418800612633,0.8303092317427779,3.903127820947816e-16,0.03272312422642055,17,converged,gap_callback_with_solver_termination
99,0.3831254691752507,MEL-ADMM,1.0,0.01,50.75955390930176,3.881017522154552,3.880418800612633,0.015429302162557184,3.5124084630383523e-16,0.00896919991818046,29,converged,gap_residual_and_feasibility
99,0.3831254691752507,sMEL-ADMM,1.0,0.01,2.450955,3.882063557681663,3.880418800612633,0.04238607102848442,2.942091015256665e-14,0.0010992105268783248,37,converged,gap_residual_and_feasibility
100,0.3008810287993232,IPOPT,1.0,1.0e-10,27.328968048095703,4.038428504774968,4.038428504774968,0.0,9.995268890339304e-9,NaN,34,INTERRUPTED,gap_and_residual
100,0.3008810287993232,MadNLP,1.0,0.01,17.129898071289062,4.038679986687282,4.038428504774968,0.006227222099306887,1.6089560239684886e-14,NaN,24,INTERRUPTED,gap_and_residual
100,0.3008810287993232,ADMM,1.0,0.0001,214.0810489654541,4.07033364158768,4.038428504774968,0.790038421504488,3.0531133177191805e-16,0.03670409068713396,17,converged,gap_callback_with_solver_termination
100,0.3008810287993232,MEL-ADMM,1.0,0.01,50.87566375732422,4.039017268793694,4.038428504774968,0.01457903781210813,3.608224830031759e-16,0.008711079515191698,29,converged,gap_residual_and_feasibility
100,0.3008810287993232,sMEL-ADMM,1.0,0.01,2.089836,4.040075674691497,4.038428504774968,0.04078739823130304,2.964295475749168e-14,0.0011292196474891993,37,converged,gap_residual_and_feasibility
