dc3_obj,dc3_eq_max,dc3_eq_mean,dc3_ineq_max,dc3_ineq_mean,dc3_n_ineq_viol,dc3_domain_max,dc3_feasible,dc3_J_ref,dc3_gap_pct,dc3_signed_gap_pct,dc3_corr_converged,J_ref
-1.269399758136856,0.0,0.0,0.0013638154319088277,7.845423589267312e-05,191.0,0.0013638154269088277,0.0,-6.311078020879187,79.88616597771012,79.88616597771012,0.0,-6.311078020879187
-1.0832594097521153,1.1102230246251565e-16,1.1102230246251565e-16,0.0017765577444953785,8.140290841664054e-05,194.0,0.0017765577394953786,0.0,-6.2837842231732575,82.76103425452953,82.76103425452953,0.0,-6.2837842231732575
-1.7255641751193584,0.0,0.0,0.0014440853710536716,7.138593516741608e-05,173.0,0.0014440853660536716,0.0,-6.320300282635264,72.69806657983851,72.69806657983851,0.0,-6.320300282635264
-1.1169191792444457,0.0,0.0,0.0019948382655941128,8.156105696960063e-05,178.0,0.0019948382605941128,0.0,-6.298816879330097,82.26779408511342,82.26779408511342,0.0,-6.298816879330097
-1.8418679388369683,0.0,0.0,0.0013120338984318,6.981801404516351e-05,175.0,0.0013120338934318,0.0,-6.362547585045425,71.05140803714998,71.05140803714998,0.0,-6.362547585045425
-2.486940831091494,0.0,0.0,0.0016430265698493896,6.069973810549934e-05,144.0,0.0016430265648493896,0.0,-6.4183337292417,61.25254721858603,61.25254721858603,0.0,-6.4183337292417
-1.4817574741978086,0.0,0.0,0.0016695198784067162,7.552542217730473e-05,176.0,0.0016695198734067163,0.0,-6.319357001617028,76.55208474820067,76.55208474820067,0.0,-6.319357001617028
-1.244222993627305,0.0,0.0,0.0018542766328823281,7.946580226870274e-05,176.0,0.0018542766278823281,0.0,-6.3085951262430005,80.2773364159718,80.2773364159718,0.0,-6.3085951262430005
-1.7455969899313657,0.0,0.0,0.0014224034275740708,7.13829040049049e-05,175.0,0.0014224034225740708,0.0,-6.34172731852507,72.47442372944302,72.47442372944302,0.0,-6.34172731852507
-1.3971622588351416,0.0,0.0,0.0012851937131359568,7.61566799799875e-05,191.0,0.0012851937081359568,0.0,-6.327590366006271,77.9195210495749,77.9195210495749,0.0,-6.327590366006271
-1.3765940394026492,0.0,0.0,0.0012579433799691467,7.654732594672458e-05,191.0,0.0012579433749691467,0.0,-6.3037897102019205,78.16243715784493,78.16243715784493,0.0,-6.3037897102019205
-1.5734088900147274,0.0,0.0,0.0014841207705612802,7.393266874797472e-05,174.0,0.0014841207655612802,0.0,-6.341635943704888,75.18922713347187,75.18922713347187,0.0,-6.341635943704888
-1.4642338592030468,0.0,0.0,0.0016160858113096015,7.552031313374973e-05,193.0,0.0016160858063096015,0.0,-6.327955828211688,76.86087104661654,76.86087104661654,0.0,-6.327955828211688
-1.9587889668119256,0.0,0.0,0.0014441673417838958,6.807388620800547e-05,173.0,0.0014441673367838958,0.0,-6.367019027510823,69.23538380601147,69.23538380601147,0.0,-6.367019027510823
-2.576761365856545,0.0,0.0,0.0014441265635272683,5.8498386822617796e-05,156.0,0.0014441265585272683,0.0,-6.410065637051286,59.80132635518708,59.80132635518708,0.0,-6.410065637051286
-0.9859455089586053,0.0,0.0,0.0015629176984618277,8.278411988754683e-05,201.0,0.0015629176934618277,0.0,-6.290551733475058,84.3265654471624,84.3265654471624,0.0,-6.290551733475058
-1.4705566612608463,0.0,0.0,0.0016715165699562045,7.595241663370374e-05,180.0,0.0016715165649562045,0.0,-6.324571790953532,76.74851816269548,76.74851816269548,0.0,-6.324571790953532
-1.6930908913865639,0.0,0.0,0.0013322392686994117,7.252840344376775e-05,162.0,0.0013322392636994117,0.0,-6.349233621560037,73.33393300197129,73.33393300197129,0.0,-6.349233621560037
-1.1035586026298607,1.1102230246251565e-16,1.1102230246251565e-16,0.0014262534974475675,8.09213658741544e-05,197.0,0.0014262534924475675,0.0,-6.305946437573475,82.49971493486854,82.49971493486854,0.0,-6.305946437573475
-1.045248687810095,0.0,0.0,0.0012218594939847945,8.20518748343674e-05,179.0,0.0012218594889847945,0.0,-6.298056161985448,83.40363024834343,83.40363024834343,0.0,-6.298056161985448
-1.5158699059710599,1.1102230246251565e-16,1.1102230246251565e-16,0.0012242377884407619,7.483393543354903e-05,192.0,0.001224237783440762,0.0,-6.317097420925466,76.00369592291355,76.00369592291355,0.0,-6.317097420925466
-1.972216252812252,0.0,0.0,0.0016043563674775626,6.840045735982365e-05,171.0,0.0016043563624775626,0.0,-6.36105130008482,68.99543550629825,68.99543550629825,0.0,-6.36105130008482
-2.1641056918581785,0.0,0.0,0.0019123603352299995,6.515478823483963e-05,157.0,0.0019123603302299995,0.0,-6.363271343530146,65.99067405700791,65.99067405700791,0.0,-6.363271343530146
-1.7467754577967805,0.0,0.0,0.0017448920433181035,7.142604768433889e-05,172.0,0.0017448920383181035,0.0,-6.351646708528947,72.49885678541878,72.49885678541878,0.0,-6.351646708528947
-1.8212588195065884,0.0,0.0,0.0015337714526584487,7.005611391003426e-05,174.0,0.0015337714476584487,0.0,-6.35729291649861,71.35166110122108,71.35166110122108,0.0,-6.35729291649861
-1.4157269386407418,0.0,0.0,0.001342136550266522,7.642118829685469e-05,183.0,0.001342136545266522,0.0,-6.329611566605632,77.63327300983256,77.63327300983256,0.0,-6.329611566605632
-1.8069895763072092,0.0,0.0,0.0014391516700021068,7.063142095705476e-05,177.0,0.0014391516650021068,0.0,-6.37595642380746,71.65931734476709,71.65931734476709,0.0,-6.37595642380746
-1.3454589254535585,0.0,0.0,0.0014621579469655816,7.768593003358817e-05,180.0,0.0014621579419655817,0.0,-6.327902794083959,78.73768025148165,78.73768025148165,0.0,-6.327902794083959
-1.5969761274116112,1.1102230246251565e-16,1.1102230246251565e-16,0.001143207087033384,7.34025581605935e-05,194.0,0.001143207082033384,0.0,-6.341810396813296,74.81829276677716,74.81829276677716,0.0,-6.341810396813296
-1.6745746476299215,0.0,0.0,0.0013992699637573912,7.241055720887493e-05,169.0,0.0013992699587573913,0.0,-6.327776134334604,73.53612687807247,73.53612687807247,0.0,-6.327776134334604
-1.3949334137388476,0.0,0.0,0.0015928589813811835,7.609217870102308e-05,196.0,0.0015928589763811835,0.0,-6.305461323324947,77.8773773684289,77.8773773684289,0.0,-6.305461323324947
-2.3093807261957147,0.0,0.0,0.0012434218047962329,6.298168493141662e-05,164.0,0.001243421799796233,0.0,-6.385607094674063,63.834594080774856,63.834594080774856,0.0,-6.385607094674063
-0.7754694301062536,0.0,0.0,0.0014301314602792653,8.597639828429471e-05,202.0,0.0014301314552792653,0.0,-6.275971484644565,87.64383439275342,87.64383439275342,0.0,-6.275971484644565
-1.7170159446937876,0.0,0.0,0.0013500763926168732,7.18915849204749e-05,180.0,0.0013500763876168732,0.0,-6.336468255582188,72.90263478900629,72.90263478900629,0.0,-6.336468255582188
-1.6156177877313185,1.1102230246251565e-16,1.1102230246251565e-16,0.0012665774721151257,7.331310518503173e-05,180.0,0.0012665774671151257,0.0,-6.338698911431684,74.51183893878296,74.51183893878296,0.0,-6.338698911431684
-1.6747115975384759,1.1102230246251565e-16,1.1102230246251565e-16,0.001349962700106613,7.261599953757151e-05,168.0,0.001349962695106613,0.0,-6.33779499943638,73.57580045287978,73.57580045287978,0.0,-6.33779499943638
-1.5137326884413789,0.0,0.0,0.0015508646404279866,7.482786644694862e-05,182.0,0.0015508646354279866,0.0,-6.3301987214744475,76.08712214189705,76.08712214189705,0.0,-6.3301987214744475
-1.6909533737790108,0.0,0.0,0.0013723049856983875,7.201197902243911e-05,184.0,0.0013723049806983875,0.0,-6.3591297163061205,73.40904417403127,73.40904417403127,0.0,-6.3591297163061205
-1.9365923510230172,0.0,0.0,0.0014443526737648754,6.858101338602829e-05,171.0,0.0014443526687648754,0.0,-6.363740810243,69.5683339600208,69.5683339600208,0.0,-6.363740810243
-1.9585977448279588,0.0,0.0,0.001470889735343444,6.826392554817969e-05,168.0,0.001470889730343444,0.0,-6.355095528207686,69.18067185403368,69.18067185403368,0.0,-6.355095528207686
-0.8339348236698026,0.0,0.0,0.0015891114498116298,8.497444302388533e-05,192.0,0.0015891114448116298,0.0,-6.261183958590003,86.68087650538219,86.68087650538219,0.0,-6.261183958590003
-1.2164053161149422,0.0,0.0,0.0015070421997661406,7.93803273760295e-05,179.0,0.0015070421947661406,0.0,-6.3043892970154936,80.70542190833947,80.70542190833947,0.0,-6.3043892970154936
-2.0835963719184645,0.0,0.0,0.0011133647987329005,6.572804195449975e-05,170.0,0.0011133647937329005,0.0,-6.361752604987936,67.2480760995827,67.2480760995827,0.0,-6.361752604987936
-0.755570550267477,0.0,0.0,0.0016367758713001252,8.610357675904186e-05,210.0,0.0016367758663001252,0.0,-6.259001815454992,87.92825801069765,87.92825801069765,0.0,-6.259001815454992
-2.3375413294783645,0.0,0.0,0.0010531073174871526,6.195685474613555e-05,175.0,0.0010531073124871526,0.0,-6.3765273784463865,63.34146800059853,63.34146800059853,0.0,-6.3765273784463865
-1.1834854839085192,0.0,0.0,0.001334428303207129,7.964530211673732e-05,194.0,0.001334428298207129,0.0,-6.313743213122121,81.25540675381235,81.25540675381235,0.0,-6.313743213122121
-0.6831189668002959,0.0,0.0,0.0017806767181059553,8.765130972255296e-05,194.0,0.0017806767131059553,0.0,-6.258711263602759,89.08530945063815,89.08530945063815,0.0,-6.258711263602759
-1.2950161615662048,0.0,0.0,0.0014249444584290892,7.792992825008103e-05,187.0,0.0014249444534290892,0.0,-6.322411493474534,79.51705353403818,79.51705353403818,0.0,-6.322411493474534
-1.4746611074132863,0.0,0.0,0.0014558487020258379,7.55474643207308e-05,172.0,0.001455848697025838,0.0,-6.341610588398548,76.7462683673599,76.7462683673599,0.0,-6.341610588398548
-1.5708729520278357,0.0,0.0,0.0015424530370872153,7.397575657592792e-05,174.0,0.0015424530320872153,0.0,-6.355759763842874,75.28426167136877,75.28426167136877,0.0,-6.355759763842874
-2.032791025609276,0.0,0.0,0.001967561374022767,6.756667896560939e-05,153.0,0.001967561369022767,0.0,-6.374622484417711,68.11119355572377,68.11119355572377,0.0,-6.374622484417711
-1.6321874035668147,0.0,0.0,0.001398074693549576,7.297094799592517e-05,188.0,0.001398074688549576,0.0,-6.3435566009489746,74.27015306645731,74.27015306645731,0.0,-6.3435566009489746
-1.305283591016268,0.0,0.0,0.0013290895057417056,7.777268255366749e-05,197.0,0.0013290895007417056,0.0,-6.325158083924768,79.36362105583395,79.36362105583395,0.0,-6.325158083924768
-1.4289866555613697,0.0,0.0,0.0016990974812394544,7.603675382051324e-05,181.0,0.0016990974762394544,0.0,-6.333718930764594,77.43842644136933,77.43842644136933,0.0,-6.333718930764594
-1.1742974117851002,0.0,0.0,0.0015271833159540506,7.968277513355995e-05,181.0,0.0015271833109540506,0.0,-6.303784097051491,81.37154772901626,81.37154772901626,0.0,-6.303784097051491
-1.480645366446738,0.0,0.0,0.001461306541957841,7.523403911859391e-05,183.0,0.001461306536957841,0.0,-6.326029654717605,76.59439731929562,76.59439731929562,0.0,-6.326029654717605
-1.212126853135312,0.0,0.0,0.0015194029859963067,7.91521853513719e-05,193.0,0.0015194029809963067,0.0,-6.297877931401997,80.7534082696094,80.7534082696094,0.0,-6.297877931401997
-1.0969310781987025,0.0,0.0,0.0017271403522678946,8.063744496365882e-05,189.0,0.0017271403472678946,0.0,-6.285567556304916,82.54841637811379,82.54841637811379,0.0,-6.285567556304916
-0.9214548682876238,0.0,0.0,0.0016068677862011126,8.385793433086784e-05,205.0,0.0016068677812011126,0.0,-6.296901205766797,85.36653445596794,85.36653445596794,0.0,-6.296901205766797
-1.2837220782062038,0.0,0.0,0.0012200195407388737,7.829740312256277e-05,180.0,0.0012200195357388738,0.0,-6.315509603248152,79.6734997038724,79.6734997038724,0.0,-6.315509603248152
-1.3706368980723949,0.0,0.0,0.0017019281146600457,7.639502296927052e-05,190.0,0.0017019281096600457,0.0,-6.302549348510845,78.25265900700568,78.25265900700568,0.0,-6.302549348510845
-1.8896528650885438,1.1102230246251565e-16,1.1102230246251565e-16,0.0014659672433723157,6.95424642478043e-05,169.0,0.0014659672383723157,0.0,-6.377396288333209,70.3695241811228,70.3695241811228,0.0,-6.377396288333209
-1.3483606839189566,0.0,0.0,0.0014922011267532096,7.763268910984e-05,185.0,0.0014922011217532096,0.0,-6.312838854240868,78.64097729956866,78.64097729956866,0.0,-6.312838854240868
-1.8158337146471886,1.1102230246251565e-16,1.1102230246251565e-16,0.0013930086548259333,7.032156498802157e-05,180.0,0.0013930086498259333,0.0,-6.377701606684754,71.52839962371503,71.52839962371503,0.0,-6.377701606684754
-1.9731390783847136,0.0,0.0,0.0015128738200532008,6.851524902192955e-05,156.0,0.0015128738150532008,0.0,-6.370418430946603,69.02653884084789,69.02653884084789,0.0,-6.370418430946603
-1.25693811194762,0.0,0.0,0.0013742206989282057,7.866368992409984e-05,183.0,0.0013742206939282057,0.0,-6.3177114050593906,80.10453419982066,80.10453419982066,0.0,-6.3177114050593906
-1.65297185604392,0.0,0.0,0.0014506572302814703,7.29805854654864e-05,184.0,0.0014506572252814703,0.0,-6.344583628059082,73.94672443541275,73.94672443541275,0.0,-6.344583628059082
-1.1885556006029852,0.0,0.0,0.001339429306226289,7.952603926923994e-05,190.0,0.001339429301226289,0.0,-6.31590108870987,81.18153555748974,81.18153555748974,0.0,-6.31590108870987
-1.4210345556347366,0.0,0.0,0.0014044611748226406,7.650406980084872e-05,184.0,0.0014044611698226406,0.0,-6.312478687226432,77.48848548969742,77.48848548969742,0.0,-6.312478687226432
-0.689109223170187,0.0,0.0,0.0016634957900503995,8.756214047898371e-05,201.0,0.0016634957850503995,0.0,-6.27768397729246,89.02287490636958,89.02287490636958,0.0,-6.27768397729246
-1.7596986921922924,0.0,0.0,0.0014947785504353767,7.10726902204832e-05,165.0,0.0014947785454353768,0.0,-6.369389645831841,72.37256958610081,72.37256958610081,0.0,-6.369389645831841
-2.1392823874685414,0.0,0.0,0.001196032237740843,6.586282101087247e-05,160.0,0.001196032232740843,0.0,-6.374260710362178,66.4387372171511,66.4387372171511,0.0,-6.374260710362178
-2.001387248073254,0.0,0.0,0.0014799153444467286,6.751493947817184e-05,158.0,0.0014799153394467286,0.0,-6.378490730425645,68.62287126127565,68.62287126127565,0.0,-6.378490730425645
-1.319545993690836,0.0,0.0,0.0013018110275404492,7.731311677883185e-05,198.0,0.0013018110225404493,0.0,-6.32020451316477,79.12178330713402,79.12178330713402,0.0,-6.32020451316477
-1.5828142325042736,0.0,0.0,0.0013932672915978202,7.42693268500337e-05,179.0,0.0013932672865978202,0.0,-6.355734248983477,75.09628045323912,75.09628045323912,0.0,-6.355734248983477
-1.8921999196557113,0.0,0.0,0.0014541758667130267,6.949207199819216e-05,163.0,0.0014541758617130267,0.0,-6.36981130131623,70.29425472517977,70.29425472517977,0.0,-6.36981130131623
-1.9047472072372957,0.0,0.0,0.0011662578756615374,6.880193480166841e-05,175.0,0.0011662578706615374,0.0,-6.37169742936722,70.10612590518978,70.10612590518978,0.0,-6.37169742936722
-1.2029432239047508,0.0,0.0,0.0016963589974580931,7.916853459811766e-05,185.0,0.0016963589924580932,0.0,-6.308774503186334,80.93222030210165,80.93222030210165,0.0,-6.308774503186334
-1.6325310564201563,0.0,0.0,0.001360553512567946,7.328243333496692e-05,171.0,0.001360553507567946,0.0,-6.364248393057613,74.34840761085019,74.34840761085019,0.0,-6.364248393057613
-1.7157718029259108,0.0,0.0,0.0017128810213924684,7.23422976912852e-05,162.0,0.0017128810163924684,0.0,-6.357719449472704,73.0127789286422,73.0127789286422,0.0,-6.357719449472704
-2.087684100454806,0.0,0.0,0.0012744358289772753,6.640691814549026e-05,170.0,0.0012744358239772753,0.0,-6.381528973072989,67.28551873283286,67.28551873283286,0.0,-6.381528973072989
-1.2874850313191424,0.0,0.0,0.001801899444949314,7.869006866320263e-05,185.0,0.001801899439949314,0.0,-6.335879552301278,79.67945853939868,79.67945853939868,0.0,-6.335879552301278
-1.9468886846561788,0.0,0.0,0.001252337770464593,6.844459700492909e-05,164.0,0.001252337765464593,0.0,-6.359985659576511,69.38847367171871,69.38847367171871,0.0,-6.359985659576511
-1.1793553380175406,0.0,0.0,0.0013502494554022565,8.012144184139283e-05,193.0,0.0013502494504022565,0.0,-6.323075291146382,81.34839008371634,81.34839008371634,0.0,-6.323075291146382
-1.0151245993335776,1.1102230246251565e-16,1.1102230246251565e-16,0.0016090446115433136,8.247593719364033e-05,191.0,0.0016090446065433136,0.0,-6.311357147370064,83.9159062681696,83.9159062681696,0.0,-6.311357147370064
-1.8192524413762694,0.0,0.0,0.0014472186126107062,7.059865393514378e-05,162.0,0.0014472186076107062,0.0,-6.353033525145106,71.36403524118478,71.36403524118478,0.0,-6.353033525145106
-0.8507019178686913,0.0,0.0,0.0014439588161264177,8.467132371706352e-05,203.0,0.0014439588111264177,0.0,-6.305373385617051,86.50830227105669,86.50830227105669,0.0,-6.305373385617051
-1.2491753379558992,1.1102230246251565e-16,1.1102230246251565e-16,0.001868244220848815,7.884338198863971e-05,190.0,0.001868244215848815,0.0,-6.310472028382786,80.20472426884315,80.20472426884315,0.0,-6.310472028382786
-1.7980605201224322,0.0,0.0,0.0013539367207713847,7.007148224821261e-05,178.0,0.0013539367157713847,0.0,-6.340823308996185,71.64310638381308,71.64310638381308,0.0,-6.340823308996185
-1.7213519227896326,0.0,0.0,0.0013594833068376574,7.192083143311883e-05,173.0,0.0013594833018376574,0.0,-6.34714675871593,72.8799098519998,72.8799098519998,0.0,-6.34714675871593
-1.3324006283719638,0.0,0.0,0.0021461361655758554,7.784536861611601e-05,176.0,0.0021461361605758554,0.0,-6.304509642926432,78.86591180224622,78.86591180224622,0.0,-6.304509642926432
-2.270178750372575,0.0,0.0,0.001196441196513522,6.338756060361566e-05,177.0,0.001196441191513522,0.0,-6.386485265994534,64.45339406855967,64.45339406855967,0.0,-6.386485265994534
-1.6434709204183064,1.1102230246251565e-16,1.1102230246251565e-16,0.001392729237793748,7.297381752223991e-05,177.0,0.001392729232793748,0.0,-6.335287137647722,74.05846199690131,74.05846199690131,0.0,-6.335287137647722
-2.1331586165088074,0.0,0.0,0.0015473732435102691,6.583998514184071e-05,167.0,0.0015473732385102692,0.0,-6.380943977409211,66.56985825199313,66.56985825199313,0.0,-6.380943977409211
-1.501133655968643,0.0,0.0,0.001365092964473023,7.468188004344015e-05,184.0,0.001365092959473023,0.0,-6.3211143826067,76.25207257601299,76.25207257601299,0.0,-6.3211143826067
-1.5051073384465505,0.0,0.0,0.0013155917726388907,7.492592318067874e-05,183.0,0.0013155917676388907,0.0,-6.3172185474276255,76.17452479842682,76.17452479842682,0.0,-6.3172185474276255
-1.9496668611515673,0.0,0.0,0.001230232175343093,6.804707419065654e-05,172.0,0.001230232170343093,0.0,-6.3572378778399035,69.3315414867874,69.3315414867874,0.0,-6.3572378778399035
-2.3339633027629936,0.0,0.0,0.0014227705278771698,6.189042837388558e-05,164.0,0.0014227705228771698,0.0,-6.379054098313152,63.41207854969946,63.41207854969946,0.0,-6.379054098313152
-1.845309208896164,0.0,0.0,0.00116955168144652,6.985160008922598e-05,178.0,0.0011695516764465201,0.0,-6.368124948727201,71.02272295607223,71.02272295607223,0.0,-6.368124948727201
-1.8732982650989332,1.1102230246251565e-16,1.1102230246251565e-16,0.0011675020524929442,6.91272633163141e-05,176.0,0.0011675020474929442,0.0,-6.362438651927734,70.55691429682629,70.55691429682629,0.0,-6.362438651927734
