Mosek,Clarabel,LME_ADMM
1.6400814056396484,0.790417,0.348792
1.310110092163086,0.770001,0.257375
1.5320777893066406,0.7735410000000001,0.271875
1.5249252319335938,0.799917,0.373333
1.3859272003173828,0.840708,0.21033400000000002
1.280069351196289,0.7203750000000001,0.035250000000000004
1.1501312255859375,0.617584,0.40341699999999997
1.3070106506347656,0.8392080000000001,0.30320800000000003
1.775979995727539,0.789417,0.257542
1.3811588287353516,0.789958,0.287125
1.3480186462402344,0.679208,0.240792
1.4429092407226562,0.749125,0.243417
1.1172294616699219,0.6427490000000001,0.313917
1.692056655883789,0.828376,0.403666
1.3380050659179688,0.807291,0.18654199999999999
1.4719963073730469,0.723626,0.21383400000000002
1.2540817260742188,0.6883350000000001,0.19129100000000002
1.4159679412841797,0.838458,0.199792
1.5099048614501953,0.6997920000000001,0.329167
1.194000244140625,0.8191670000000001,0.170708
1.3980865478515625,0.826875,0.190667
1.1911392211914062,0.861792,0.227083
1.3840198516845703,0.6818750000000001,0.025666
1.52587890625,0.77675,0.376708
1.8699169158935547,0.8862080000000001,0.290209
1.2450218200683594,0.7676240000000001,0.259625
1.519918441772461,0.782668,0.03625
1.1761188507080078,0.653333,0.24875
1.2660026550292969,0.6983330000000001,0.25158400000000003
1.466989517211914,0.758708,0.177334
1.402139663696289,0.7043750000000001,0.223125
1.5249252319335938,0.708416,0.22737500000000002
1.641988754272461,0.767499,0.197958
1.4569759368896484,0.7887080000000001,0.263666
1.2650489807128906,0.7432910000000001,0.346666
1.4941692352294922,0.8086250000000001,0.271666
1.3370513916015625,0.866626,0.381667
1.3399124145507812,0.767082,0.17775000000000002
1.3899803161621094,0.837875,0.22262500000000002
1.2841224670410156,0.845125,0.164292
1.3530254364013672,0.774167,0.329125
1.5819072723388672,0.9145010000000001,0.235125
1.2857913970947266,0.694333,0.211583
1.257181167602539,0.750584,0.232833
1.2400150299072266,0.720125,0.198792
1.5070438385009766,0.7490410000000001,0.422666
1.4050006866455078,0.803749,0.175167
1.2640953063964844,0.705875,0.22387500000000002
1.7518997192382812,0.743792,0.22979200000000002
1.2860298156738281,0.7539990000000001,0.24983299999999997
2.0020008087158203,0.7729590000000001,0.206292
1.2390613555908203,0.743292,0.030625
1.1200904846191406,0.7040830000000001,0.23875
1.2938976287841797,0.761375,0.226834
1.3620853424072266,0.715041,0.21191600000000002
1.5289783477783203,0.778958,0.243334
1.1928081512451172,0.903166,0.201208
1.3701915740966797,0.7058340000000001,0.16195900000000002
1.5158653259277344,0.779918,0.336541
1.4469623565673828,0.708708,0.27066599999999996
1.1670589447021484,0.758958,0.1795
1.4560222625732422,0.778,0.463583
1.6798973083496094,0.882584,0.259458
1.25885009765625,0.761292,0.29704200000000003
1.3530254364013672,0.719625,0.19487500000000002
1.1830329895019531,0.773,0.233375
1.3730525970458984,0.7370840000000001,0.251666
1.2619495391845703,0.846209,0.292417
1.0559558868408203,0.6629590000000001,0.325417
1.1000633239746094,0.691,0.26691699999999996
1.4309883117675781,0.826124,0.231292
1.5528202056884766,0.758751,0.24350000000000002
1.2328624725341797,0.773834,0.030417
1.374959945678711,0.5810000000000001,0.207417
2.040863037109375,0.819459,0.2405
1.6660690307617188,0.7698750000000001,0.23450000000000001
1.4619827270507812,0.7969170000000001,0.268166
1.4719963073730469,0.73521,0.18929200000000002
1.3511180877685547,0.873333,0.181334
1.6009807586669922,0.7422070000000001,0.207833
1.7771720886230469,0.896208,0.153625
1.0809898376464844,0.7405430000000001,0.21591700000000003
1.6589164733886719,0.7476670000000001,0.033833
1.4820098876953125,0.89475,0.29550000000000004
1.3380050659179688,0.776209,0.213917
1.2929439544677734,0.8347090000000001,0.210542
1.3518333435058594,0.777625,0.198583
1.6829967498779297,0.791459,0.211583
1.3880729675292969,0.7618760000000001,0.273625
1.538991928100586,0.809749,0.295375
1.2979507446289062,0.7894180000000001,0.334917
1.2509822845458984,0.702416,0.47620799999999996
1.5480518341064453,0.766458,0.192917
1.3430118560791016,0.8824580000000001,0.205167
1.1990070343017578,0.7921250000000001,0.172333
1.3518333435058594,0.7061230000000001,0.207625
1.2700557708740234,0.777834,0.153667
1.4538764953613281,0.80725,0.222292
1.873016357421875,0.8245,0.300375
1.2569427490234375,0.743251,0.25254200000000004
1.2891292572021484,0.775499,0.165417
1.1479854583740234,0.8115840000000001,0.181917
1.4121532440185547,0.9339580000000001,0.023334
1.15203857421875,0.618626,0.225208
1.6849040985107422,0.766167,0.249917
1.4929771423339844,0.866002,0.23383299999999999
1.1208057403564453,0.796459,0.208708
1.363992691040039,0.723791,0.239416
1.1510848999023438,0.77925,0.17862499999999998
1.27410888671875,0.680875,0.225375
1.2440681457519531,0.6807500000000001,0.240166
1.5060901641845703,0.822374,0.03125
1.1200904846191406,0.631501,0.181375
1.4739036560058594,0.671958,0.235125
1.3189315795898438,0.773167,0.298042
1.6379356384277344,0.747542,0.20550000000000002
1.4820098876953125,0.8279160000000001,0.178667
1.3580322265625,0.7542490000000001,0.30987499999999996
1.3499259948730469,0.781124,0.21870799999999999
1.470804214477539,0.6577930000000001,0.34841700000000003
1.8620491027832031,0.8371670000000001,0.20216599999999998
1.283884048461914,0.721334,0.229167
1.2888908386230469,0.709125,0.170375
1.3930797576904297,0.716501,0.328125
1.5790462493896484,0.897124,0.259875
1.4719963073730469,0.812792,0.098458
1.1911392211914062,0.7219580000000001,0.038417
1.3489723205566406,0.68825,0.26154200000000005
1.310110092163086,0.628583,0.305125
1.3530254364013672,0.8302510000000001,0.189792
1.255035400390625,0.7102080000000001,0.2375
1.3790130615234375,0.825458,0.029124999999999998
1.6150474548339844,0.717666,0.280875
1.3968944549560547,0.765082,0.238875
1.2612342834472656,0.7807080000000001,0.025792
1.3010501861572266,0.622375,0.19229100000000002
1.2938976287841797,0.8504590000000001,0.029332999999999998
1.4400482177734375,0.650792,0.34291699999999997
1.1570453643798828,0.821833,0.189791
1.3730525970458984,0.766375,0.188042
1.6548633575439453,0.8275,0.34249999999999997
1.8930435180664062,0.8111240000000001,0.197083
1.5370845794677734,0.880625,0.253542
1.344919204711914,0.723875,0.226458
1.1758804321289062,0.791791,0.28687500000000005
1.486063003540039,0.8615010000000001,0.314833
1.2440681457519531,0.730959,0.296667
1.6460418701171875,0.8234160000000001,0.207209
1.4100074768066406,0.763291,0.036834
1.1789798736572266,0.5288750000000001,0.029792
1.5728473663330078,0.838292,0.298125
1.3751983642578125,0.8804590000000001,0.223375
1.4650821685791016,0.8747500000000001,0.220209
1.255035400390625,0.776208,0.392625
1.6798973083496094,0.975041,0.238834
1.402139663696289,0.738458,0.229542
1.4269351959228516,0.753416,0.21187499999999998
1.386880874633789,0.759167,0.332833
1.455068588256836,0.8502500000000001,0.197625
1.4579296112060547,0.805458,0.19991599999999998
1.2080669403076172,0.717667,0.260083
1.4271736145019531,0.720542,0.234084
1.2640953063964844,0.733958,0.20900000000000002
1.2078285217285156,0.827084,0.168459
1.2218952178955078,0.7650420000000001,0.264417
1.44195556640625,0.8025410000000001,0.212666
1.0831356048583984,0.7359580000000001,0.234959
1.3799667358398438,0.745542,0.329667
1.4159679412841797,0.764167,0.231625
1.2369155883789062,0.796999,0.031333
1.3210773468017578,0.6466250000000001,0.206084
1.416921615600586,0.775126,0.25575000000000003
1.5377998352050781,0.8610410000000001,0.239667
1.5392303466796875,0.863083,0.266791
1.6069412231445312,1.028707,0.204042
1.3470649719238281,0.770375,0.180792
1.2581348419189453,0.7544600000000001,0.335959
1.5380382537841797,0.8559580000000001,0.24091600000000002
1.4729499816894531,0.745251,0.209542
1.194000244140625,0.7885,0.257125
1.3210773468017578,0.892042,0.26537499999999997
1.8138885498046875,0.94625,0.397834
1.5079975128173828,0.909416,0.281167
1.3699531555175781,0.800084,0.322084
1.3098716735839844,0.759792,0.19387500000000002
1.4789104461669922,0.745792,0.331667
1.3170242309570312,0.7728320000000001,0.18937500000000002
1.363992691040039,0.8255420000000001,0.236916
1.5499591827392578,0.8379160000000001,0.230375
1.394033432006836,0.777333,0.27170900000000003
1.399993896484375,0.8001250000000001,0.299417
1.394033432006836,0.8342930000000001,0.199042
1.3930797576904297,0.850375,0.274167
1.3670921325683594,0.7085840000000001,0.510417
1.2280941009521484,0.744376,0.214959
1.2459754943847656,0.829667,0.186083
1.5909671783447266,0.8935830000000001,0.161834
1.3248920440673828,0.748251,0.32566700000000004
1.8908977508544922,0.87375,0.32949999999999996
1.3589859008789062,0.8205420000000001,0.247708
1.291036605834961,0.842542,0.14625
1.2559890747070312,0.7979590000000001,0.225208
1.4019012451171875,0.741001,0.16433299999999998
1.3279914855957031,0.682459,0.303834
1.0590553283691406,0.731168,0.26337499999999997
1.3179779052734375,0.81825,0.203333
1.3599395751953125,0.768332,0.229875
1.363992691040039,0.7816240000000001,0.196875
1.3759136199951172,0.7930420000000001,0.227625
1.2700557708740234,0.8515840000000001,0.243917
1.2090206146240234,0.699416,0.152125
1.4710426330566406,0.830458,0.174041
1.1019706726074219,0.685501,0.178833
1.6739368438720703,0.764167,0.033834
1.1451244354248047,0.703333,0.39841699999999997
1.325845718383789,0.718668,0.220667
1.2810230255126953,0.8806240000000001,0.440875
1.1620521545410156,0.727958,0.150334
1.4259815216064453,0.9834590000000001,0.20216599999999998
1.378774642944336,0.8890830000000001,0.29320799999999997
1.2569427490234375,0.755,0.191125
1.3048648834228516,0.834751,0.228167
1.5840530395507812,0.8003750000000001,0.247
1.2660026550292969,0.7378330000000001,0.255708
1.3399124145507812,0.771707,0.150834
1.2450218200683594,0.6838350000000001,0.25404099999999996
1.6188621520996094,0.841833,0.184
1.3151168823242188,0.86925,0.25679199999999996
1.1348724365234375,0.810834,0.258125
1.608133316040039,0.807958,0.294125
1.087188720703125,0.754708,0.22062500000000002
1.3248920440673828,0.794375,0.329208
1.3918876647949219,0.8354590000000001,0.224792
1.4569759368896484,0.860876,0.18829200000000001
1.3802051544189453,0.7274590000000001,0.028958
1.5158653259277344,0.7062910000000001,0.043375
1.3010501861572266,0.696667,0.263083
1.4259815216064453,0.766959,0.2595
1.2421607971191406,0.7767910000000001,0.296834
1.230001449584961,0.716874,0.22275
1.4119148254394531,0.696833,0.207083
1.3020038604736328,0.793958,0.23383299999999999
1.422882080078125,0.7756680000000001,0.246875
1.6469955444335938,0.8157510000000001,0.26516700000000004
1.5499591827392578,0.835999,0.276625
1.4390945434570312,0.816374,0.212667
1.4009475708007812,0.8794590000000001,0.26108400000000004
1.5180110931396484,0.738792,0.027833
1.2211799621582031,0.6148750000000001,0.29562499999999997
1.5001296997070312,0.885333,0.030709
1.4078617095947266,0.7412920000000001,0.24479200000000004
1.2469291687011719,0.759584,0.179541
1.3508796691894531,0.7997920000000001,0.154833
1.435995101928711,0.81225,0.168291
1.3990402221679688,0.8387500000000001,0.029583
1.3890266418457031,0.6753330000000001,0.026875
1.3248920440673828,0.6823330000000001,0.039708
1.219034194946289,0.790126,0.3055
1.2969970703125,0.803417,0.034459000000000004
1.1069774627685547,0.719501,0.189959
1.4529228210449219,0.748417,0.275708
1.177072525024414,0.720458,0.2195
1.814126968383789,0.765668,0.179166
1.325845718383789,0.8217080000000001,0.272
1.6150474548339844,0.788667,0.213708
1.180887222290039,0.815376,0.179917
1.3079643249511719,0.781042,0.400708
1.2769699096679688,0.7325420000000001,0.306334
1.3821125030517578,0.793668,0.279125
1.394033432006836,0.860584,0.199959
1.3289451599121094,0.761708,0.17433300000000002
1.1341571807861328,0.754125,0.24841700000000003
1.56402587890625,0.9293750000000001,0.268584
1.2760162353515625,0.820459,0.175334
1.2118816375732422,0.7775000000000001,0.193625
1.5468597412109375,0.902833,0.246875
1.2810230255126953,0.782042,0.23916700000000002
1.4531612396240234,0.7946230000000001,0.285833
1.5778541564941406,0.8027080000000001,0.293833
1.4739036560058594,0.8302080000000001,0.187125
1.2640953063964844,0.747626,0.190209
1.497030258178711,0.995793,0.238042
1.50299072265625,0.693667,0.469625
1.291036605834961,0.8640430000000001,0.276166
1.3880729675292969,0.887375,0.258917
1.2171268463134766,0.879041,0.158542
1.4429092407226562,0.8216670000000001,0.30650000000000005
1.3821125030517578,0.781166,0.23458400000000001
1.2700557708740234,0.7478340000000001,0.280042
1.3780593872070312,0.81375,0.24654199999999998
1.071929931640625,0.655124,0.27391699999999997
1.4960765838623047,0.824542,0.25791699999999995
1.4009475708007812,0.7067100000000001,0.33625
1.3120174407958984,0.911792,0.166875
1.4400482177734375,0.8647930000000001,0.300417
1.4920234680175781,0.794,0.209125
1.4598369598388672,0.926583,0.407917
1.3189315795898438,0.7260000000000001,0.23466700000000001
1.25885009765625,0.8380420000000001,0.2235
1.135110855102539,0.738625,0.224875
1.5149116516113281,0.8624580000000001,0.32533300000000004
1.2500286102294922,0.758542,0.03175
1.2309551239013672,0.5595,0.25254200000000004
1.8589496612548828,0.934999,0.25475
1.5780925750732422,0.799834,0.209791
1.5108585357666016,0.9187500000000001,0.179125
1.5621185302734375,0.8461250000000001,0.229334
1.4910697937011719,0.858959,0.219958
1.4920234680175781,0.828416,0.178709
1.631021499633789,0.870709,0.257333
1.2960433959960938,0.808875,0.1835
1.3189315795898438,0.8001680000000001,0.189917
1.277923583984375,0.747832,0.030125
1.1839866638183594,0.607,0.23658300000000002
1.3921260833740234,0.8387920000000001,0.271583
1.3120174407958984,0.882416,0.18525
1.5511512756347656,0.805042,0.213375
1.5377998352050781,0.841542,0.301875
1.1909008026123047,0.904292,0.17049999999999998
1.2509822845458984,0.817957,0.27666700000000005
1.3489723205566406,0.8633340000000002,0.27149999999999996
1.4119148254394531,0.796166,0.190875
1.5599727630615234,0.860209,0.272291
1.1930465698242188,0.739333,0.175208
1.399993896484375,0.8868330000000001,0.035083
1.3728141784667969,0.9065420000000001,0.201292
1.44195556640625,0.847125,0.16025
1.2509822845458984,0.7816660000000001,0.183041
1.1749267578125,0.772375,0.16825
1.5189647674560547,0.920207,0.233708
1.399993896484375,0.8900430000000001,0.223
1.3988018035888672,0.760417,0.260166
1.4920234680175781,0.839292,0.028084
1.435995101928711,0.679625,0.21350000000000002
1.4119148254394531,0.854417,0.243083
1.4300346374511719,0.814334,0.18725
1.4820098876953125,0.905876,0.31775
1.2950897216796875,0.796458,0.033459
1.280069351196289,0.683208,0.152083
1.7650127410888672,0.892417,0.196042
1.3918876647949219,0.8422490000000001,0.337333
1.2738704681396484,0.731499,0.179333
1.3310909271240234,0.871001,0.211833
1.2919902801513672,0.8454570000000001,0.296208
1.4309883117675781,0.918958,0.204625
1.4488697052001953,0.813667,0.356334
1.461029052734375,0.8517500000000001,0.168791
1.5790462493896484,0.8676670000000001,0.039791
1.5330314636230469,0.7921670000000001,0.17425000000000002
1.2598037719726562,0.7252910000000001,0.24566699999999997
1.3458728790283203,0.847959,0.220875
1.2569427490234375,0.737958,0.375875
1.4829635620117188,0.852333,0.217709
1.676797866821289,0.821459,0.208292
1.2428760528564453,0.778916,0.19266699999999998
1.3480186462402344,0.885792,0.21195799999999998
1.3000965118408203,0.8190010000000001,0.346792
1.3151168823242188,0.7439570000000001,0.265875
1.856088638305664,0.9278330000000001,0.309417
1.2319087982177734,0.7577510000000001,0.030208
1.569986343383789,0.669209,0.1875
1.4958381652832031,0.8315410000000001,0.355541
1.3761520385742188,0.8567500000000001,0.188875
1.3871192932128906,0.7257910000000001,0.231209
1.4071464538574219,0.710292,0.229916
1.4531612396240234,0.853125,0.254458
1.644134521484375,0.761708,0.030792
1.6019344329833984,0.6598340000000001,0.038375
1.44195556640625,0.656708,0.191708
1.2731552124023438,0.7575000000000001,0.24883400000000003
1.4510154724121094,0.776373,0.292209
1.3489723205566406,0.833334,0.278583
1.4858245849609375,0.775209,0.254875
1.4297962188720703,0.7785,0.18720900000000001
1.2531280517578125,0.725875,0.17433300000000002
1.3229846954345703,0.7766670000000001,0.25187499999999996
1.5578269958496094,0.760957,0.22024999999999997
1.390218734741211,0.9365430000000001,0.204042
1.3370513916015625,0.796085,0.238542
1.2619495391845703,0.8585430000000001,0.337833
1.2319087982177734,0.7370420000000001,0.29508300000000004
1.4400482177734375,0.715125,0.448291
1.2810230255126953,0.817041,0.18495799999999998
1.3020038604736328,0.789084,0.398958
1.4350414276123047,0.886625,0.26675
1.3399124145507812,0.858666,0.164833
1.5561580657958984,0.9272080000000001,0.185417
1.4181137084960938,0.876791,0.032417
1.2691020965576172,0.669125,0.160875
1.3539791107177734,0.8143320000000001,0.322
1.374959945678711,0.822292,0.180042
1.3480186462402344,0.776333,0.243625
1.2850761413574219,0.811084,0.280125
1.7080307006835938,0.8919580000000001,0.223584
1.7309188842773438,0.885001,0.182084
1.4770030975341797,0.7642070000000001,0.222292
1.4400482177734375,0.723751,0.20049999999999998
1.3980865478515625,0.846168,0.35966600000000004
1.2981891632080078,0.8520840000000001,0.29712500000000003
1.3461112976074219,0.779417,0.025459000000000002
1.2428760528564453,0.640125,0.311417
1.338958740234375,0.824709,0.186667
1.6570091247558594,0.895584,0.29674999999999996
1.3720989227294922,0.7805840000000001,0.211375
1.2879371643066406,0.769666,0.2775
1.3918876647949219,0.7945000000000001,0.26345799999999997
1.6040802001953125,0.8052500000000001,0.226792
1.168966293334961,0.7261250000000001,0.229875
1.2478828430175781,0.8695,0.21825
1.2521743774414062,0.8500000000000001,0.171084
1.4190673828125,0.83075,0.203875
1.6710758209228516,1.028459,0.268416
1.4951229095458984,0.977875,0.216
1.5289783477783203,0.8464160000000001,0.041792
1.6450881958007812,0.88675,0.228583
1.0151863098144531,0.847334,0.259
1.5430450439453125,0.740917,0.043000000000000003
1.7399787902832031,0.7917510000000001,0.281083
1.5981197357177734,0.8466260000000001,0.28675
1.4491081237792969,0.8794600000000001,0.310875
1.1470317840576172,0.8073330000000001,0.169375
1.302957534790039,0.7857080000000001,0.240208
1.4948844909667969,0.893042,0.263583
1.383066177368164,0.8540000000000001,0.176958
1.4309883117675781,0.558041,0.031583
1.1959075927734375,0.6664160000000001,0.251
1.399993896484375,0.8783340000000001,0.16629200000000002
1.2590885162353516,0.8224580000000001,0.31604099999999996
1.638174057006836,0.931292,0.218292
1.6489028930664062,0.8950420000000001,0.29395899999999997
1.1539459228515625,0.7497910000000001,0.399291
1.5499591827392578,0.9397920000000001,0.2455
1.2559890747070312,0.8166660000000001,0.030750000000000003
1.3930797576904297,0.7246670000000001,0.236708
1.5430450439453125,0.885418,0.246333
1.3267993927001953,0.827208,0.19612500000000002
1.5070438385009766,1.072084,0.24608300000000002
1.3680458068847656,0.798208,0.21745799999999998
1.5869140625,0.8168330000000001,0.031
1.3020038604736328,0.6709590000000001,0.262375
1.3968944549560547,0.842999,0.204917
1.567840576171875,0.8130000000000001,0.38283399999999995
1.5289783477783203,0.827041,0.032625
1.5010833740234375,0.730708,0.188834
1.5878677368164062,0.856835,0.258417
1.631021499633789,0.918668,0.209916
1.4219284057617188,0.9953750000000001,0.20654199999999998
1.4529228210449219,0.811667,0.276792
1.4178752899169922,0.8047920000000001,0.268083
1.4750957489013672,0.817957,0.271167
1.5308856964111328,0.866249,0.252917
1.5430450439453125,0.817292,0.21662499999999998
1.6198158264160156,0.7967500000000001,0.257041
1.505136489868164,0.872666,0.221167
1.50299072265625,0.8167900000000001,0.273958
1.3380050659179688,0.850458,0.377667
1.3229846954345703,0.8353750000000001,0.2725
1.4998912811279297,0.8862080000000001,0.27641699999999997
1.2848377227783203,0.7738750000000001,0.18175
1.2230873107910156,0.800875,0.17975
1.4390945434570312,0.8754170000000001,0.271042
1.1248588562011719,0.732917,0.2325
1.7418861389160156,0.7880410000000001,0.235292
1.3699531555175781,0.776917,0.23491599999999999
1.4011859893798828,0.8648750000000001,0.252
1.3878345489501953,0.912042,0.21829099999999999
1.0859966278076172,0.775292,0.19625
1.6181468963623047,0.7047920000000001,0.232916
1.5540122985839844,0.9003340000000001,0.288875
1.531839370727539,0.7976650000000001,0.24816699999999997
1.3778209686279297,0.7993330000000001,0.17508300000000002
1.31988525390625,0.8102910000000001,0.265417
2.0329952239990234,0.862083,0.30275
1.5141963958740234,0.87,0.2255
1.3649463653564453,0.814833,0.303375
1.3132095336914062,0.7817500000000001,0.228
1.3799667358398438,0.710001,0.172625
1.8808841705322266,0.841875,0.031042
1.4841556549072266,0.9613330000000001,0.196208
1.2371540069580078,0.8460840000000001,0.20450000000000002
1.2819766998291016,0.769541,0.3055
1.1668205261230469,0.7365840000000001,0.304375
1.2631416320800781,0.7970010000000001,0.205041
1.4801025390625,0.772084,0.314583
1.5139579772949219,0.837667,0.35520799999999997
1.2788772583007812,0.7672910000000001,0.212375
1.255035400390625,0.818083,0.216042
1.4109611511230469,0.780583,0.32725
1.444101333618164,0.756708,0.217
1.3620853424072266,0.796541,0.334125
1.5249252319335938,0.7850820000000001,0.19370800000000002
1.4090538024902344,0.8400420000000001,0.211542
1.1501312255859375,0.829125,0.233292
1.6369819641113281,0.8802500000000001,0.241458
1.3821125030517578,0.856291,0.342916
1.5270709991455078,0.906833,0.246875
1.2941360473632812,0.7398330000000001,0.19591699999999998
1.344919204711914,0.7510830000000001,0.300375
1.3589859008789062,0.8010840000000001,0.20987499999999998
1.4750957489013672,0.757374,0.260583
1.3949871063232422,0.826833,0.255625
1.3239383697509766,0.8947080000000001,0.339333
1.2791156768798828,0.759958,0.255209
1.6021728515625,0.7538330000000001,0.341375
1.0750293731689453,0.7092080000000001,0.183792
1.383066177368164,0.741499,0.24737499999999998
1.0600090026855469,0.752625,0.16908299999999998
1.2669563293457031,0.7539990000000001,0.32033300000000003
1.6510486602783203,0.742125,0.434
1.7740726470947266,0.8387500000000001,0.200917
1.4429092407226562,0.799583,0.027541
1.1761188507080078,0.634457,0.0235
1.4309883117675781,0.712709,0.262583
1.2958049774169922,0.780167,0.197291
1.1751651763916016,0.7448750000000001,0.211708
1.377105712890625,0.811459,0.33837500000000004
1.2769699096679688,0.765958,0.1775
1.2428760528564453,0.8485420000000001,0.197625
1.2669563293457031,0.9162500000000001,0.340667
1.2900829315185547,0.758209,0.179875
1.2769699096679688,0.8081670000000001,0.346584
1.4879703521728516,0.764,0.227042
1.2898445129394531,0.7618340000000001,0.260666
1.5709400177001953,0.8167490000000001,0.17491600000000002
1.0440349578857422,0.8220000000000001,0.206084
1.5990734100341797,0.7530000000000001,0.195458
1.2390613555908203,0.686167,0.200708
1.4541149139404297,0.926458,0.294541
1.3489723205566406,0.9130840000000001,0.2115
1.4090538024902344,0.7296670000000001,0.282584
1.6951560974121094,0.8949590000000001,0.19474999999999998
1.455068588256836,0.8804580000000001,0.24841700000000003
1.1911392211914062,0.917583,0.030375
1.38092041015625,0.6867510000000001,0.483584
1.268148422241211,0.899459,0.235792
1.3659000396728516,0.744417,0.185875
1.5790462493896484,0.7927080000000001,0.192958
1.5099048614501953,0.904541,0.305875
1.300811767578125,0.791834,0.24175
1.2950897216796875,0.8369580000000001,0.17791700000000002
1.1539459228515625,0.7782910000000001,0.25575000000000003
1.4219284057617188,0.810583,0.039667
1.1250972747802734,0.714416,0.199
1.483917236328125,0.9238750000000001,0.236833
1.2249946594238281,0.851291,0.27712499999999995
1.4350414276123047,0.8050010000000001,0.34725
1.2149810791015625,0.802917,0.282292
1.6460418701171875,0.846874,0.207083
1.4619827270507812,0.7843330000000001,0.202625
1.3298988342285156,0.871124,0.208417
1.4519691467285156,0.846499,0.281792
1.4870166778564453,0.779375,0.280291
1.8711090087890625,0.853874,0.253292
1.2278556823730469,0.766417,0.31216700000000003
1.2710094451904297,0.822626,0.26733300000000004
1.2879371643066406,0.712292,0.187667
1.3899803161621094,0.7222500000000001,0.22279200000000002
1.97601318359375,0.8068740000000001,0.732833
1.5110969543457031,0.8386250000000001,0.33258400000000005
1.7058849334716797,0.8315830000000001,0.2215
1.2331008911132812,0.760834,0.257875
1.5919208526611328,0.8118340000000001,0.218334
1.4541149139404297,0.786876,0.39975
1.3251304626464844,0.9041250000000001,0.23675000000000002
1.2879371643066406,0.7624580000000001,0.29895900000000003
1.2619495391845703,0.7322500000000001,0.36583299999999996
1.2259483337402344,0.7195000000000001,0.178
1.5850067138671875,0.8117090000000001,0.201083
1.4019012451171875,0.8306250000000001,0.380208
1.4519691467285156,0.826708,0.22508399999999998
1.325845718383789,0.733124,0.302708
1.3699531555175781,0.7887510000000001,0.20533300000000002
1.5170574188232422,0.702708,0.03725
1.2161731719970703,0.7195000000000001,0.274208
1.1551380157470703,0.764792,0.18187499999999998
1.2459754943847656,0.825291,0.239459
1.5408992767333984,0.915043,0.021584
1.4388561248779297,0.621792,0.1945
1.4348030090332031,0.837875,0.356167
1.7468929290771484,0.8101250000000001,0.230708
1.3930797576904297,0.8522500000000001,0.43074999999999997
1.4011859893798828,0.750375,0.303375
1.2760162353515625,0.8143330000000001,0.197625
1.2459754943847656,0.8053750000000001,0.247291
1.3499259948730469,0.8065420000000001,0.470584
1.4050006866455078,0.7935840000000001,0.288125
1.2819766998291016,0.764041,0.284333
1.5311241149902344,0.7914170000000001,0.031916
1.7619132995605469,0.802917,0.23033299999999998
1.2748241424560547,0.7718330000000001,0.32345799999999997
1.5017986297607422,0.7503340000000001,0.033874999999999995
1.3852119445800781,0.7659170000000001,0.215958
1.5468597412109375,0.8773740000000001,0.203792
1.271963119506836,0.8184170000000001,0.2145
1.56402587890625,0.7486680000000001,0.232375
1.5270709991455078,0.8825000000000001,0.19775
1.5790462493896484,0.852333,0.185458
1.4309883117675781,0.809875,0.446459
1.3611316680908203,0.8222910000000001,0.19608399999999998
1.3120174407958984,0.759667,0.18895800000000001
1.3179779052734375,0.728167,0.22041699999999997
1.3651847839355469,0.7912910000000001,0.424958
1.2278556823730469,0.8552080000000001,0.028374999999999997
1.1000633239746094,0.6342500000000001,0.387167
1.068115234375,0.7457910000000001,0.35100000000000003
1.2290477752685547,0.8787090000000001,0.273459
1.260995864868164,0.7576660000000001,0.241084
1.5010833740234375,0.808416,0.160875
1.1911392211914062,0.8188340000000001,0.210709
1.2040138244628906,0.8092900000000001,0.197584
1.44195556640625,0.8061670000000001,0.24779199999999998
1.3589859008789062,0.758374,0.250834
1.6200542449951172,0.847375,0.280542
1.4019012451171875,0.8076650000000001,0.281166
1.3041496276855469,0.82425,0.208542
1.2860298156738281,0.776208,0.205625
1.569986343383789,0.9603340000000001,0.23308399999999999
1.8680095672607422,0.8094160000000001,0.21475
1.119852066040039,0.694833,0.248041
1.2638568878173828,0.7650420000000001,0.029124999999999998
1.119852066040039,0.592208,0.353458
1.3229846954345703,0.747708,0.027666
1.3179779052734375,0.607584,0.23987499999999998
1.3060569763183594,0.856834,0.20987499999999998
1.4121532440185547,0.874793,0.202042
1.3239383697509766,0.7922910000000001,0.203209
1.3988018035888672,0.7814160000000001,0.032916999999999995
1.558065414428711,0.7145,0.024708
1.4100074768066406,0.8746250000000001,0.028666
1.2209415435791016,0.696792,0.204458
1.2831687927246094,0.796417,0.197583
1.0230541229248047,0.820249,0.187042
1.3082027435302734,0.830125,0.378625
1.2819766998291016,0.8755010000000001,0.19683299999999998
1.4030933380126953,0.7572080000000001,0.191709
1.2040138244628906,0.6907930000000001,0.362291
1.1529922485351562,0.672959,0.325042
1.4820098876953125,0.7309160000000001,0.236708
1.4851093292236328,0.744375,0.19512500000000002
1.2149810791015625,0.775167,0.29070799999999997
1.3518333435058594,0.7619990000000001,0.21454199999999998
1.2769699096679688,0.8012500000000001,0.217333
1.6257762908935547,0.8401660000000001,0.224083
1.580953598022461,0.811168,0.213167
1.4548301696777344,0.8746250000000001,0.236791
1.6341209411621094,0.902875,0.271459
1.428842544555664,0.899334,0.20987499999999998
1.7428398132324219,0.8727910000000001,0.287125
1.4369487762451172,0.927126,0.255334
1.4808177947998047,0.8608750000000001,0.28479200000000005
1.377105712890625,0.7497090000000001,0.18620799999999998
1.2090206146240234,0.726415,0.229
1.4188289642333984,0.7814590000000001,0.24912499999999999
1.3170242309570312,0.874376,0.207166
1.2509822845458984,0.7570410000000001,0.284166
1.6410350799560547,0.976792,0.302292
1.2409687042236328,0.817833,0.239958
1.7511844635009766,0.868334,0.21787499999999999
1.5201568603515625,0.871959,0.408458
1.4069080352783203,0.841334,0.192542
1.458883285522461,0.8355000000000001,0.232166
1.2710094451904297,0.777708,0.185834
1.0538101196289062,0.7234990000000001,0.201334
1.2969970703125,0.8344170000000001,0.273209
1.2941360473632812,0.7806250000000001,0.289667
1.2581348419189453,0.811625,0.223
1.219034194946289,0.840584,0.23458299999999999
1.2898445129394531,0.7855840000000001,0.16449999999999998
1.4340877532958984,0.8177920000000001,0.224708
1.6307830810546875,0.8500840000000001,0.246167
1.4040470123291016,0.793417,0.293583
1.2691020965576172,0.8103330000000001,0.282417
1.5370845794677734,0.795084,0.25254200000000004
1.3828277587890625,0.843292,0.037083
1.3608932495117188,0.760417,0.172875
1.371145248413086,0.914792,0.258916
1.4719963073730469,0.781874,0.200709
1.3179779052734375,0.7546670000000001,0.256959
1.8379688262939453,0.9149990000000001,0.20900000000000002
1.399993896484375,0.7893760000000001,0.199792
1.4760494232177734,0.875833,0.309083
1.44195556640625,0.772209,0.199625
1.3129711151123047,0.776167,0.185458
1.2791156768798828,0.7049160000000001,0.028458
1.5130043029785156,0.743001,0.209125
1.2011528015136719,0.7596250000000001,0.229917
1.2428760528564453,0.727876,0.032584
1.341104507446289,0.6984570000000001,0.337459
1.4400482177734375,0.849418,0.220583
1.3859272003173828,0.766459,0.24250000000000002
1.4948844909667969,0.7737080000000001,0.025959
1.25885009765625,0.7242080000000001,0.18229199999999998
1.4011859893798828,0.9063340000000001,0.03125
1.5079975128173828,0.7187080000000001,0.292292
1.3649463653564453,0.8335,0.29266600000000004
1.280069351196289,0.8123330000000001,0.16837500000000002
1.2230873107910156,0.8157920000000001,0.191375
1.458883285522461,0.7472500000000001,0.26075000000000004
1.3239383697509766,0.831916,0.18929200000000002
1.177072525024414,0.737958,0.48183299999999996
1.3289451599121094,0.807583,0.25999999999999995
1.2922286987304688,0.762916,0.20550000000000002
1.4510154724121094,0.9015010000000001,0.207667
1.3649463653564453,0.717959,0.325959
1.6210079193115234,0.8126240000000001,0.369917
1.4841556549072266,0.8870420000000001,0.296
1.2958049774169922,0.82275,0.314333
1.8889904022216797,0.8885830000000001,0.300959
1.4519691467285156,0.8559580000000001,0.304375
1.3480186462402344,0.9305,0.178375
1.528024673461914,0.9597090000000001,0.029541
1.9378662109375,0.7152080000000001,0.28037500000000004
1.1420249938964844,0.8503740000000001,0.346125
1.4679431915283203,0.8616670000000001,0.0385
1.3461112976074219,0.7242080000000001,0.236458
1.6450881958007812,0.916541,0.3685
1.1820793151855469,0.7528340000000001,0.3045
1.355886459350586,0.776958,0.213917
1.3060569763183594,0.826042,0.223417
1.5411376953125,0.8214180000000001,0.16837500000000002
1.2750625610351562,0.919876,0.251958
1.0530948638916016,0.6834570000000001,0.168708
1.1799335479736328,0.8260000000000001,0.22629200000000002
1.4240741729736328,0.807875,0.22529200000000002
2.079010009765625,0.833833,0.039167
1.2350082397460938,0.739375,0.282291
1.5799999237060547,0.8902920000000001,0.425167
1.1680126190185547,0.911124,0.24000000000000002
1.2938976287841797,0.7837510000000001,0.281334
1.5418529510498047,0.8067090000000001,0.24279099999999998
1.544952392578125,0.747,0.20616600000000002
1.5380382537841797,0.853585,0.312541
1.2979507446289062,0.725542,0.210709
1.1909008026123047,0.8213760000000001,0.26125
1.5501976013183594,0.914084,0.18054099999999998
1.8639564514160156,0.846875,0.23299999999999998
1.1298656463623047,0.827667,0.29058399999999995
1.4450550079345703,0.7843330000000001,0.21675
1.4400482177734375,0.8348760000000001,0.028458999999999998
1.2822151184082031,0.6499590000000001,0.27975
1.416921615600586,0.873626,0.24449999999999997
1.7261505126953125,0.81625,0.037583000000000005
1.5017986297607422,0.7491240000000001,0.23466700000000001
2.056121826171875,0.7863760000000001,0.285042
1.171112060546875,0.784459,0.168917
1.3530254364013672,0.8647920000000001,0.027625
1.4181137084960938,0.63175,0.277083
1.2960433959960938,0.8729580000000001,0.248875
1.3399124145507812,0.860376,0.22824999999999998
1.233816146850586,0.7642490000000001,0.255667
1.641988754272461,0.9105000000000001,0.221584
1.3399124145507812,0.751166,0.27833399999999997
1.1210441589355469,0.7867900000000001,0.271875
1.7478466033935547,0.849458,0.27954100000000004
1.2099742889404297,0.7808750000000001,0.262375
1.313924789428711,0.856958,0.255791
1.2810230255126953,0.8810410000000001,0.17541700000000002
1.4109611511230469,0.8101670000000001,0.221459
1.6639232635498047,0.877792,0.041084
1.4541149139404297,0.641749,0.29016600000000004
1.3561248779296875,0.9500000000000001,0.245459
1.2118816375732422,0.789374,0.279417
1.5139579772949219,0.823875,0.322208
1.1289119720458984,0.8007920000000001,0.235625
1.8589496612548828,0.8009170000000001,0.202875
1.3980865478515625,0.7519170000000001,0.21725
1.1539459228515625,0.7422090000000001,0.246041
1.3151168823242188,0.8066260000000001,0.362834
1.4100074768066406,0.8926250000000001,0.179
2.012014389038086,0.778958,0.209834
1.1811256408691406,0.8273340000000001,0.33129200000000003
1.455068588256836,0.8342080000000001,0.24670799999999998
1.6789436340332031,0.839,0.032958
1.332998275756836,0.6292920000000001,0.49387499999999995
1.3840198516845703,0.7807510000000001,0.235833
1.5349388122558594,0.775459,0.254834
1.3680458068847656,0.839959,0.226875
1.1029243469238281,0.736668,0.3345
1.085042953491211,0.7851670000000001,0.213917
1.2440681457519531,0.812001,0.27587500000000004
1.5900135040283203,0.764501,0.217709
1.2469291687011719,0.8045000000000001,0.240459
1.3527870178222656,0.8464160000000001,0.246167
1.3270378112792969,0.860959,0.234167
1.3051033020019531,0.7642920000000001,0.18433300000000002
1.6930103302001953,0.8755410000000001,0.039125
1.2810230255126953,0.8245830000000001,0.241875
1.2369155883789062,0.710416,0.428917
1.4219284057617188,0.8078330000000001,0.414708
1.394033432006836,0.8477500000000001,0.314917
1.477956771850586,0.842292,0.246292
1.550912857055664,0.769667,0.034375
1.2018680572509766,0.709875,0.274541
1.1849403381347656,0.7824170000000001,0.230125
1.2750625610351562,0.915417,0.29695900000000003
1.2340545654296875,0.7122499999999999,0.274583
1.199960708618164,0.794958,0.232083
1.947164535522461,0.8357910000000001,0.039
1.3270378112792969,0.7993750000000001,0.17675
1.5060901641845703,0.89975,0.202375
1.4460086822509766,0.828458,0.2745
1.2118816375732422,0.7977080000000001,0.376666
1.2578964233398438,0.7334160000000001,0.313542
1.3418197631835938,0.8780420000000001,0.2665
1.3811588287353516,1.0165830000000002,0.3045
1.2798309326171875,0.7890410000000001,0.033333
1.4760494232177734,0.669916,0.227875
1.7600059509277344,0.8338750000000001,0.290541
1.3420581817626953,0.797334,0.200625
1.4579296112060547,0.738626,0.24575
1.4030933380126953,0.7888330000000001,0.23258299999999998
1.194000244140625,0.7766240000000001,0.031833
1.4789104461669922,0.7203740000000001,0.503625
1.4710426330566406,0.7839160000000001,0.244
1.3699531555175781,0.8878320000000001,0.304208
1.538991928100586,0.8141660000000001,0.225333
1.341104507446289,0.845583,0.21591700000000003
1.4579296112060547,0.814042,0.169333
1.2590885162353516,0.7847080000000001,0.159833
1.3051033020019531,0.8494570000000001,0.24841700000000003
1.3091564178466797,0.7435,0.466125
1.3980865478515625,0.8698750000000001,0.225208
1.2428760528564453,0.795042,0.16841699999999998
1.3370513916015625,0.850126,0.307542
1.3089179992675781,0.841041,0.27099999999999996
1.4410018920898438,0.749375,0.479792
1.2960433959960938,0.8202510000000001,0.188083
1.2478828430175781,0.767999,0.177792
1.3489723205566406,0.8525010000000001,0.024542
1.1708736419677734,0.681042,0.377791
1.466989517211914,0.794916,0.1985
1.3759136199951172,0.809165,0.27216700000000005
1.486063003540039,0.735708,0.298917
1.4081001281738281,0.8093330000000001,0.228875
1.3580322265625,0.839501,0.218791
1.5079975128173828,0.8215830000000001,0.028333
1.1448860168457031,0.625499,0.029458
1.5120506286621094,0.717416,0.22
1.461029052734375,0.797625,0.032499999999999994
1.1141300201416016,0.630125,0.1825
1.4870166778564453,0.8421660000000001,0.252
1.191854476928711,0.743417,0.45029199999999997
1.2090206146240234,0.7316670000000001,0.25004200000000004
1.1639595031738281,0.83821,0.18087499999999998
1.5010833740234375,0.903459,0.182375
1.5408992767333984,0.812208,0.203125
1.3570785522460938,0.812,0.236708
1.316070556640625,0.8183330000000001,0.033209
1.461029052734375,0.725666,0.210417
1.3289451599121094,0.732708,0.24675
2.0139217376708984,0.886708,0.179208
1.7781257629394531,0.7931250000000001,0.289208
1.3508796691894531,0.7307910000000001,0.21675
1.3370513916015625,0.821833,0.23608400000000002
1.155853271484375,0.758708,0.21662499999999998
1.4259815216064453,0.748083,0.30554200000000004
1.4121532440185547,0.813208,0.029082999999999998
1.3608932495117188,0.7025,0.174833
1.2211799621582031,0.7893340000000001,0.212208
1.2061595916748047,0.8495000000000001,0.222917
1.0998249053955078,0.839333,0.029209000000000002
1.2950897216796875,0.6865,0.202625
1.4889240264892578,0.833665,0.25945900000000005
1.3051033020019531,0.733125,0.31633300000000003
1.3148784637451172,0.830501,0.028292
1.497030258178711,0.6135,0.024209
1.4460086822509766,0.7345010000000001,0.17858300000000002
1.1560916900634766,0.766209,0.3005
1.3689994812011719,0.734083,0.276834
1.6970634460449219,0.8059170000000001,0.36225
1.4069080352783203,0.822125,0.31470899999999996
1.3530254364013672,0.8192910000000001,0.23450000000000001
1.3060569763183594,0.7726250000000001,0.322584
1.3360977172851562,0.789249,0.2255
1.936197280883789,0.811458,0.20125
1.6291141510009766,0.8421250000000001,0.2115
1.1620521545410156,0.817208,0.269834
1.123189926147461,0.758958,0.033042
1.394033432006836,0.8135830000000001,0.224625
1.5118122100830078,0.795876,0.25725
1.6510486602783203,0.840667,0.214
1.3780593872070312,0.825792,0.025541
0.9188652038574219,0.644167,0.029708000000000002
1.3051033020019531,0.725083,0.175625
1.3370513916015625,0.784334,0.256834
1.329183578491211,0.7520410000000001,0.194417
1.2660026550292969,0.7869170000000001,0.200208
1.1620521545410156,0.728001,0.030875
1.283884048461914,0.687041,0.213917
1.2750625610351562,0.800834,0.027042
1.3470649719238281,0.635209,0.237958
1.3570785522460938,0.8331660000000001,0.353375
1.4278888702392578,0.809584,0.234042
1.7399787902832031,0.9214570000000001,0.22625
1.5511512756347656,0.7850410000000001,0.28204199999999996
1.3959407806396484,0.8127500000000001,0.243083
1.2619495391845703,0.801166,0.198666
1.3861656188964844,0.8272090000000001,0.304291
1.3720989227294922,0.7474160000000001,0.382334
1.2869834899902344,0.712335,0.387166
1.386880874633789,0.770458,0.32704099999999997
1.4369487762451172,0.741,0.329458
1.2729167938232422,0.7204990000000001,0.228292
1.1539459228515625,0.7909590000000001,0.307167
1.2140274047851562,0.76575,0.410042
1.332998275756836,0.8715410000000001,0.28475
1.2938976287841797,0.8509580000000001,0.27129200000000003
1.4789104461669922,0.780125,0.349458
1.3680458068847656,0.85575,0.360666
1.4009475708007812,0.671417,0.35508399999999996
1.3179779052734375,0.790541,0.196875
1.6329288482666016,0.935166,0.30783299999999997
1.461029052734375,0.7340420000000001,0.035167
1.3680458068847656,0.7971250000000001,0.365
1.5408992767333984,0.8361660000000001,0.212625
1.5230178833007812,0.841875,0.341417
1.2090206146240234,0.765499,0.302291
1.2209415435791016,0.763541,0.340875
1.336812973022461,0.811876,0.292417
1.180887222290039,0.765624,0.201458
1.8849372863769531,0.795584,0.226792
1.4350414276123047,0.7962500000000001,0.231
1.2989044189453125,0.781166,0.28800000000000003
1.2738704681396484,0.814042,0.296458
1.2030601501464844,0.7576660000000001,0.241292
1.3031959533691406,0.780792,0.335667
1.3070106506347656,0.8796250000000001,0.333167
1.3480186462402344,0.8258330000000002,0.222
1.132965087890625,0.7790410000000001,0.278625
1.3442039489746094,0.793374,0.323833
1.3129711151123047,0.7129580000000001,0.425125
1.4030933380126953,0.732333,0.22491699999999998
1.3298988342285156,0.818917,0.250417
1.3959407806396484,0.8287490000000001,0.028583
1.1358261108398438,0.6477080000000001,0.306959
1.2769699096679688,0.7233320000000001,0.295375
1.592874526977539,0.7574580000000001,0.375209
1.2569427490234375,0.7572490000000001,0.2185
1.322031021118164,0.767916,0.259042
1.558065414428711,0.9197500000000001,0.21229199999999998
1.255035400390625,0.7520420000000001,0.22020800000000001
1.5718936920166016,0.7857500000000001,0.24608300000000002
1.2280941009521484,0.759958,0.240917
1.1909008026123047,0.776584,0.186584
1.3241767883300781,0.7811250000000001,0.22216599999999997
1.4019012451171875,0.8444990000000001,0.27087500000000003
2.0339488983154297,0.881417,0.36241700000000004
1.3170242309570312,0.790583,0.333
1.0418891906738281,0.827709,0.40291699999999997
1.2869834899902344,0.8101250000000001,0.272459
1.1439323425292969,0.8189160000000001,0.240375
1.6841888427734375,0.886418,0.23025
1.508951187133789,0.8843340000000001,0.441416
1.3070106506347656,0.9026660000000001,0.261083
1.4450550079345703,0.914208,0.264042
1.4181137084960938,0.8812080000000001,0.027208
1.1301040649414062,0.5430820000000001,0.17541700000000002
1.5211105346679688,0.827625,0.229125
1.2640953063964844,0.9072500000000001,0.21895799999999999
1.6591548919677734,0.8452510000000001,0.035750000000000004
1.3539791107177734,0.7594590000000001,0.242083
1.341104507446289,0.750626,0.293333
1.291036605834961,0.8486670000000001,0.228375
1.7080307006835938,0.881791,0.382333
1.2400150299072266,0.848167,0.27579200000000004
1.341104507446289,0.853502,0.227417
1.4259815216064453,0.842292,0.033292
1.2350082397460938,0.691916,0.253459
1.3730525970458984,0.785917,0.263125
1.5790462493896484,0.754958,0.036000000000000004
1.3861656188964844,0.790374,0.296125
1.4450550079345703,0.813166,0.257625
1.4309883117675781,0.8664590000000001,0.25549999999999995
1.3251304626464844,0.789458,0.274125
1.3239383697509766,0.843333,0.251625
1.692056655883789,0.782208,0.212375
1.2500286102294922,0.74804,0.354292
1.4700889587402344,0.791375,0.24675
1.4297962188720703,0.904209,0.222167
1.3761520385742188,0.8466670000000001,0.220333
1.4300346374511719,0.7700840000000001,0.035167
1.2891292572021484,0.815876,0.372167
1.2519359588623047,0.8167500000000001,0.029040999999999997
1.0080337524414062,0.6474580000000001,0.409166
1.222848892211914,0.7913330000000001,0.241833
1.2822151184082031,0.730624,0.28625
1.3310909271240234,0.8023750000000001,0.255625
1.522064208984375,0.810376,0.305167
1.7549991607666016,0.9263740000000001,0.032958
1.432180404663086,0.6550000000000001,0.212917
1.4569759368896484,0.9049570000000001,0.229375
1.3949871063232422,0.9281670000000001,0.236167
1.3971328735351562,0.771459,0.2185
1.3570785522460938,0.7472090000000001,0.257625
1.3668537139892578,0.768166,0.218875
1.168966293334961,0.781083,0.321958
1.2161731719970703,0.7871680000000001,0.37645799999999996
1.622915267944336,0.9008750000000001,0.203583
1.499176025390625,0.7855420000000001,0.251417
