time_h,load_kw
0.0,34.46895197266531
0.25,36.199184937666885
0.5,34.39791291386137
0.75,33.676763378923006
1.0,36.61000715025839
1.25,35.30259447656464
1.5,34.12615114679655
1.75,34.70457929337721
2.0,31.03898242509009
2.25,35.257618594399354
2.5,35.07577472656163
2.75,38.29278269579747
3.0,37.20138762216234
3.25,34.207618762630524
3.5,37.286206123190766
3.75,40.15693449601064
4.0,34.378098337761045
4.25,33.2336382737096
4.5,33.243986098850925
4.75,34.50514184603816
5.0,31.199712123913176
5.25,31.823048299461572
5.5,38.415713671699834
5.75,44.84917846519049
6.0,45.623168486889455
6.25,45.86438568271646
6.5,45.66829982497829
6.75,49.502788066253046
7.0,54.20947366335291
7.25,55.953524472426516
7.5,55.17034142781833
7.75,60.87882165932458
8.0,64.21178605905185
8.25,84.7259091171972
8.5,84.8154175303599
8.75,82.17526003370457
9.0,85.34337925183841
9.25,85.19206843903703
9.5,81.86576600234137
9.75,82.40779967035235
10.0,85.1247768004479
10.25,85.47063851955127
10.5,87.52478192461966
10.75,85.30088175035489
11.0,87.56459881925986
11.25,83.05551784048203
11.5,86.89094267201074
11.75,88.19759086472159
12.0,86.53027603443694
12.25,89.99648676819876
12.5,91.20652011712176
12.75,92.084451462293
13.0,92.47728091601395
13.25,96.88426952635062
13.5,95.14545952147657
13.75,96.8124390600026
14.0,91.75528259095512
14.25,94.3069428582381
14.5,99.44399728843246
14.75,93.47052578542711
15.0,96.2765073242535
15.25,94.60071334289823
15.5,90.84013908474822
15.75,85.26428113322874
16.0,90.39561843391202
16.25,63.00355983588242
16.5,64.80911803043571
16.75,56.802250210880636
17.0,53.86721167465749
17.25,51.690833118638366
17.5,49.95183029509146
17.75,48.376395170651435
18.0,47.46074848615594
18.25,43.697369602567626
18.5,41.54851689170445
18.75,42.22934128140676
19.0,33.73454238147683
19.25,37.648059191653175
19.5,38.786695332062166
19.75,39.49927762980897
20.0,39.24997640628274
20.25,35.91146764710157
20.5,37.19406110997876
20.75,38.85270411222915
21.0,37.51097891140548
21.25,37.12558196417824
21.5,36.05718404015314
21.75,40.14216945725546
22.0,40.50015071072286
22.25,40.19557838066993
22.5,41.93663709395618
22.75,40.92286472849744
23.0,36.67759815196198
23.25,36.81682914039538
23.5,32.857185094365875
23.75,37.94515505609907
24.0,34.17443392088721
24.25,38.14643933196809
24.5,34.92392652253111
24.75,35.207981803579706
25.0,36.401224656791726
25.25,32.90974163764606
25.5,38.70861783599396
25.75,39.50111987670553
26.0,33.8808709197271
26.25,33.70026521126735
26.5,38.02469091170002
26.75,32.99022205752494
27.0,38.121341887770235
27.25,31.780857923322017
27.5,36.09513847902629
27.75,39.41661185214979
28.0,30.500812570819505
28.25,37.13778636094238
28.5,37.64761242354118
28.75,34.596044024885074
29.0,33.66439980660127
29.25,32.700926426947056
29.5,32.75896857562883
29.75,39.37295927566998
30.0,42.160970268893585
30.25,42.81902668317687
30.5,47.35485854481876
30.75,47.00561711169988
31.0,49.27474337914137
31.25,56.43968543216033
31.5,55.06403222064512
31.75,60.58027572514384
32.0,61.509919268390384
32.25,82.6880216316063
32.5,84.63466465274534
32.75,84.83335844704442
33.0,86.51882716403513
33.25,85.64158786080564
33.5,80.23814894516352
33.75,83.45186272379324
34.0,85.62209115851367
34.25,85.02968965019843
34.5,86.22265657869318
34.75,85.04659252704852
35.0,90.41445771962223
35.25,83.14210846312625
35.5,89.50167815594713
35.75,89.44821466955193
36.0,87.51391583640216
36.25,91.6100164671754
36.5,92.4338796857756
36.75,90.99194508240973
37.0,94.61126095342959
37.25,94.68756179162469
37.5,95.04805494129123
37.75,96.17010783409422
38.0,94.54666498983174
38.25,96.3044024588092
38.5,98.36674241370989
38.75,93.1423953194924
39.0,94.87514670234596
39.25,91.55221253140685
39.5,90.01340073636754
39.75,89.60512791580064
40.0,87.03910201232577
40.25,67.95086271086022
40.5,66.19468923851316
40.75,65.03149092182115
41.0,54.91423854795571
41.25,51.052385894317894
41.5,53.45204269528513
41.75,43.82604998497747
42.0,45.0948188521958
42.25,41.99596493037595
42.5,42.704285845024856
42.75,37.59524043058454
43.0,39.22108505432966
43.25,41.55614807273218
43.5,37.845273372045625
43.75,39.33119242125385
44.0,40.63161039584365
44.25,39.784285144924745
44.5,35.958061287842064
44.75,31.143585240668948
45.0,38.388267135200145
45.25,39.68519047084226
45.5,38.28798632317822
45.75,39.90573727803378
46.0,40.39394802872835
46.25,40.1310233063725
46.5,40.868603742201074
46.75,41.42476834611545
47.0,41.95621455072993
47.25,34.225548154695815
47.5,36.79588176497033
47.75,38.17072376158318
48.0,35.55232227295038
48.25,36.13091360469356
48.5,35.56447679095564
48.75,31.022471171324643
49.0,38.200346595177585
49.25,36.386991815901524
49.5,34.13946408816343
49.75,38.497536833751816
50.0,35.02476582627194
50.25,35.41755541268365
50.5,37.92419032095212
50.75,39.50250856314462
51.0,36.96035406449612
51.25,35.029584494062846
51.5,35.497136799259074
51.75,38.11898651792448
52.0,36.7189560414881
52.25,32.1185769024188
52.5,31.088547841528552
52.75,33.18624918556308
53.0,34.12981894817015
53.25,33.729564556324604
53.5,35.61842637481591
53.75,40.56723043710737
54.0,39.4608862084739
54.25,43.176482912743175
54.5,47.14268192193088
54.75,49.09429146557202
55.0,52.0489442250505
55.25,56.008637492392126
55.5,54.15093462611639
55.75,62.32575085085408
56.0,61.54793624598664
56.25,85.72355372756408
56.5,86.6483491748108
56.75,84.23456870236241
57.0,87.26006147034872
57.25,83.6412165282795
57.5,85.11583882960618
57.75,86.26834127354098
58.0,83.45811680995853
58.25,90.0227730560392
58.5,81.9084990448454
58.75,82.18318949250344
59.0,90.9024321855972
59.25,88.04807171228018
59.5,91.96482532414144
59.75,90.11007600504217
60.0,87.64654932652023
60.25,91.23280271781769
60.5,94.41581563176653
60.75,91.95515778600996
61.0,95.12329290682561
61.25,90.36834209580958
61.5,94.83500341655154
61.75,97.35597341700863
62.0,96.04751160091408
62.25,98.29195375800954
62.5,99.04673304603779
62.75,91.45623603125631
63.0,90.40601673586082
63.25,90.73769601741559
63.5,94.58646998108638
63.75,91.16852567632823
64.0,90.89916268018702
64.25,64.07379657156524
64.5,63.41954649483917
64.75,57.756447228938875
65.0,55.27338219961745
65.25,53.03529151668685
65.5,53.99173196446609
65.75,46.80100797980218
66.0,46.538727665384506
66.25,42.44421814630662
66.5,42.473401514905525
66.75,37.02580050415212
67.0,34.962202219051164
67.25,35.56149001655288
67.5,39.46382804157791
67.75,41.17391841927897
68.0,39.09491229038676
68.25,37.962909849067394
68.5,39.755198455483914
68.75,37.02942012619726
69.0,42.77202630907704
69.25,37.7784356622686
69.5,36.75623813819168
69.75,36.46174756353334
70.0,47.29709902872013
70.25,42.07288532472284
70.5,37.03395680145758
70.75,41.9088648532631
71.0,43.819962430381416
71.25,34.0237493110231
71.5,35.65255121720983
71.75,35.99540448482322
72.0,35.398577358584
72.25,39.20037187985294
72.5,34.07605685647155
72.75,34.03645338832422
73.0,35.999992724028274
73.25,34.61968739825263
73.5,34.894322389782566
73.75,37.63055546667132
74.0,34.148737765944745
74.25,35.14372218640905
74.5,37.91488115007188
74.75,36.54421795291396
75.0,36.00191564638609
75.25,33.35994025326855
75.5,40.36468720797952
75.75,37.24259647206849
76.0,33.02813355766704
76.25,37.800497587104914
76.5,33.20446493521831
76.75,32.752992280839294
77.0,35.665242049237946
77.25,37.3477913586719
77.5,32.70765893913044
77.75,43.30946151561267
78.0,43.46386137633253
78.25,47.1037390606571
78.5,44.502257685065466
78.75,52.354063444126304
79.0,52.79429921337659
79.25,57.859805641933306
79.5,50.75519845373376
79.75,58.377482838455585
80.0,59.52756244743373
80.25,80.79784834715578
80.5,89.9652787436839
80.75,81.54669191432394
81.0,84.83020209256149
81.25,87.63794607537815
81.5,80.21280367088832
81.75,84.00208819714267
82.0,83.31749061923486
82.25,87.35252397872769
82.5,80.273624754337
82.75,83.69378229661854
83.0,85.0911336022332
83.25,86.33042591883853
83.5,88.97001320635326
83.75,86.3152719123629
84.0,87.96920393394717
84.25,93.41069099109461
84.5,89.82402142526475
84.75,92.99067904635312
85.0,94.05911678289395
85.25,95.54783502263106
85.5,96.34788825251357
85.75,94.3498712659638
86.0,93.46830627079828
86.25,95.29785989592447
86.5,94.39229897509296
86.75,95.56115597163388
87.0,92.80043446087744
87.25,93.68836233814855
87.5,88.98501545061626
87.75,90.48945439505256
88.0,88.38483629065344
88.25,64.41161421052928
88.5,60.617461164788985
88.75,64.45665345227484
89.0,54.30717532729157
89.25,52.45608317689086
89.5,53.91528159051307
89.75,43.99767356480231
90.0,45.878869119492165
90.25,45.10386089550089
90.5,46.229289023957534
90.75,40.975341432909154
91.0,34.41221443043619
91.25,36.91124230795577
91.5,39.336090887725554
91.75,39.660571770721134
92.0,40.88205964476966
92.25,38.003309065241744
92.5,39.44044999805342
92.75,39.57385161925772
93.0,41.05838270827917
93.25,35.96920178080113
93.5,40.493923819502825
93.75,38.34615375917323
94.0,40.13001558284644
94.25,43.94501261826371
94.5,39.10994155705003
94.75,43.53830355368614
95.0,39.67246836840695
95.25,31.517937086514475
95.5,33.06997084064918
95.75,34.93584763272798
96.0,33.577523565507796
96.25,38.166315062753306
96.5,39.30333349690445
96.75,36.02210135287797
97.0,34.347026270489074
97.25,35.657520473220686
97.5,35.28821589441584
97.75,35.3865752911671
98.0,35.05730087915447
98.25,37.8758370099018
98.5,36.26465607823085
98.75,35.713706161966336
99.0,36.89362078475851
99.25,34.88762192366313
99.5,35.41293597874702
99.75,36.53737520143453
100.0,36.15542318286087
100.25,37.0645265612816
100.5,35.005068433491445
100.75,34.91427204862103
101.0,34.47323776797194
101.25,35.33207533666899
101.5,34.023321900156645
101.75,43.10926253744411
102.0,41.2708134854798
102.25,46.4155642065865
102.5,45.25056497495959
102.75,50.70267156353956
103.0,50.77019602706778
103.25,50.61626950158053
103.5,53.7115525230009
103.75,61.20008917531998
104.0,59.81474380768955
104.25,84.0301762712156
104.5,85.30953421351082
104.75,87.69417692838547
105.0,85.37198930446168
105.25,89.310856126632
105.5,82.15390080253808
105.75,82.38944775239196
106.0,85.14897482065652
106.25,88.82051651408615
106.5,82.93827576871779
106.75,83.41894337506754
107.0,85.44818309870992
107.25,84.90315964130635
107.5,86.73350332641942
107.75,86.95970890535867
108.0,92.53660838751297
108.25,94.23962054036743
108.5,92.73686853745136
108.75,90.2032013976121
109.0,92.046135450625
109.25,94.77779983793954
109.5,96.490736261638
109.75,95.74641309600455
110.0,95.62602420479483
110.25,93.94726652984936
110.5,99.60768284962288
110.75,94.6618520512933
111.0,93.30051524070657
111.25,89.160783744442
111.5,89.18578807810472
111.75,86.02282253847103
112.0,88.42129664379037
112.25,64.4016875722036
112.5,63.189419671461586
112.75,61.07418064855753
113.0,54.808800070942326
113.25,56.09240237523157
113.5,53.88093982616074
113.75,46.68071933673455
114.0,43.804516946139
114.25,43.57193159916508
114.5,41.847276477204474
114.75,42.487121944871
115.0,35.66689874781368
115.25,39.035241132744815
115.5,38.86669895096282
115.75,42.690228314465365
116.0,40.45995999297974
116.25,43.272294113413096
116.5,39.248440440859994
116.75,39.805523684958516
117.0,43.5524885392147
117.25,38.35244796526465
117.5,41.54553198686886
117.75,40.436100158534096
118.0,40.134513240140265
118.25,41.131543579706985
118.5,42.33373317045568
118.75,40.069069767840745
119.0,37.48520440501548
119.25,37.15611532623383
119.5,33.61556724716674
119.75,35.404513211425844
120.0,32.04909951319748
120.25,34.36204264409982
120.5,38.413083431031275
120.75,34.19993110005707
121.0,34.695764041057416
121.25,37.03641840716114
121.5,35.84787506442504
121.75,39.59129661221191
122.0,31.775122357427332
122.25,34.657858242753576
122.5,36.07064655900957
122.75,33.43299983960992
123.0,32.46938111793504
123.25,31.208777464755396
123.5,37.86472303270826
123.75,37.546231815010394
124.0,34.72558750292951
124.25,37.95352808169922
124.5,29.353541037578402
124.75,35.17474271833187
125.0,34.63795002828322
125.25,36.295252172101826
125.5,36.57870827961437
125.75,39.08818615703211
126.0,39.71351431436013
126.25,43.82052253526463
126.5,45.02745266528919
126.75,45.19697316973748
127.0,54.425374620674226
127.25,52.37208469468882
127.5,54.37816443462979
127.75,58.88483390721685
128.0,63.272986835994175
128.25,81.09523512874314
128.5,84.07713279163714
128.75,81.94254974851673
129.0,86.52503294892358
129.25,82.96933098314452
129.5,87.85223252405979
129.75,82.98799420846473
130.0,82.94949765587144
130.25,84.90787135404759
130.5,82.70369750110537
130.75,86.00996211421021
131.0,90.31306163167483
131.25,82.71034680587385
131.5,89.30170635978452
131.75,90.6460510843239
132.0,87.6988429080854
132.25,94.50013182775525
132.5,90.65627340912673
132.75,94.76918705082608
133.0,93.76337967208629
133.25,92.65061507881693
133.5,93.12613823927165
133.75,96.16098426450276
134.0,89.60900866931608
134.25,95.36909181422325
134.5,95.6023874660766
134.75,91.99212553806134
135.0,92.88655494781113
135.25,93.18829107808563
135.5,91.87158578151
135.75,87.39791464304062
136.0,89.61601903279598
136.25,64.07559109937333
136.5,64.05904903005595
136.75,64.70519588466718
137.0,54.68594312561104
137.25,48.43411406943009
137.5,55.894963411666396
137.75,46.97663280086823
138.0,45.55184931608917
138.25,46.31387197232135
138.5,41.597228597156274
138.75,41.28339932798787
139.0,38.84259568306024
139.25,37.50328490591321
139.5,38.30738683281655
139.75,39.205261952379864
140.0,39.21936869936652
140.25,35.55955102224122
140.5,39.36129257729044
140.75,40.60956077343295
141.0,41.092665421860566
141.25,34.858978318668214
141.5,36.67246072527558
141.75,40.68940108352906
142.0,40.463858756489934
142.25,42.13978367474545
142.5,41.959169739445024
142.75,39.085962503009185
143.0,38.67450040012422
143.25,34.23161023973847
143.5,36.73952744530158
143.75,35.564666200361934
144.0,33.75203046781434
144.25,38.306575348624236
144.5,33.61883531966021
144.75,35.15771027564754
145.0,34.72666173967741
145.25,30.81956412802949
145.5,33.202542327196866
145.75,39.97484524931383
146.0,34.29530696576423
146.25,36.44664980482452
146.5,35.95317682443101
146.75,36.56313666480195
147.0,38.46164904823494
147.25,34.69984307195712
147.5,35.67559298117778
147.75,37.492578907338256
148.0,37.20112367976106
148.25,38.342122692087216
148.5,33.46074252338971
148.75,34.79167273567396
149.0,35.60224114488135
149.25,32.44325115924018
149.5,33.62481317335733
149.75,37.459925828018804
150.0,39.157109187732146
150.25,46.265017359792466
150.5,44.23960378826196
150.75,46.87815156285293
151.0,57.36030766700117
151.25,53.39976927689232
151.5,58.00528950146552
151.75,59.54628115768948
152.0,58.65493910230515
152.25,80.45368821395837
152.5,80.88098705190347
152.75,86.44971797760485
153.0,84.42430111331889
153.25,88.21516213182983
153.5,81.85296086112272
153.75,85.03081158136996
154.0,83.4427407383929
154.25,81.36274239277519
154.5,84.85324654920431
154.75,82.16604839213716
155.0,85.69205367899374
155.25,86.25849195897003
155.5,88.60644040986249
155.75,89.9321511298691
156.0,84.93448815139247
156.25,91.79912814095297
156.5,90.31413509607272
156.75,92.36716068197005
157.0,95.32867185829882
157.25,92.99062247495415
157.5,94.48940747038472
157.75,93.91816560008283
158.0,95.1409871258188
158.25,99.73657758939419
158.5,95.437837933789
158.75,96.45961090404667
159.0,96.61796551405423
159.25,91.28552913765076
159.5,89.51586107471674
159.75,88.28527606774497
160.0,88.9064272040087
160.25,63.18994261866965
160.5,63.889009405261376
160.75,58.83187558916148
161.0,50.282782238601804
161.25,51.007249682345055
161.5,51.566620290161445
161.75,47.81232866435299
162.0,47.048202276391294
162.25,47.51326882784322
162.5,41.50065566455033
162.75,41.64938413748142
163.0,33.36378618728612
163.25,44.53081753581357
163.5,33.92720145730728
163.75,41.43252103973875
164.0,38.569035441194146
164.25,43.55367626033662
164.5,41.162919701399375
164.75,39.259546236860764
165.0,38.932659142602404
165.25,39.52178241369394
165.5,36.903172551916334
165.75,36.86053640035125
166.0,43.47025700501585
166.25,42.0574998139698
166.5,40.63284404074522
166.75,36.01359866623566
167.0,42.22446856559145
167.25,34.26112196112439
167.5,36.170120783682506
167.75,36.96131179365157
