time_h,load_kw,gp_mean,gp_std,gp_lower,gp_upper
0.0,34.46895197266531,34.27697957173989,2.183558688615094,29.909862194509707,38.64409694897008
0.25,36.199184937666885,37.10873353264893,2.1835586886150873,32.741616155418754,41.4758509098791
0.5,34.39791291386137,35.854540669216775,2.183558688615121,31.48742329198653,40.22165804644702
0.75,33.676763378923006,34.15093392809225,2.183558688615126,29.783816550862,38.5180513053225
1.0,36.61000715025839,35.920010386267016,2.183558688615052,31.55289300903691,40.28712776349712
1.25,35.30259447656464,34.603235948127555,2.1835586886150944,30.236118570897368,38.97035332535774
1.5,34.12615114679655,35.32530550081994,2.183558688615148,30.95818812358964,39.69242287805023
1.75,34.70457929337721,37.736385613204554,2.1835586886150953,33.36926823597436,42.10350299043475
2.0,31.03898242509009,33.777244312264074,2.1835586886151077,29.41012693503386,38.14436168949429
2.25,35.257618594399354,35.4134510777055,2.1835586886150917,31.04633370047532,39.78056845493569
2.5,35.07577472656163,36.78821864153514,2.1835586886150344,32.42110126430507,41.155336018765205
2.75,38.29278269579747,36.189253501939724,2.1835586886150713,31.82213612470958,40.55637087916987
3.0,37.20138762216234,36.54524534620241,2.183558688615085,32.178127968972234,40.91236272343258
3.25,34.207618762630524,33.64656659233694,2.183558688615097,29.279449215106744,38.01368396956713
3.5,37.286206123190766,36.93492028859963,2.1835586886151215,32.567802911369384,41.30203766582987
3.75,40.15693449601064,37.95129420913203,2.1835586886150966,33.584176831901836,42.318411586362224
4.0,34.378098337761045,34.898834997282705,2.183558688615102,30.5317176200525,39.265952374512906
4.25,33.2336382737096,35.99233646037579,2.183558688615093,31.625219083145602,40.359453837605976
4.5,33.243986098850925,33.57122512698659,2.1835586886150886,29.204107749756414,37.93834250421677
4.75,34.50514184603816,34.02192781394131,2.18355868861511,29.65481043671109,38.38904519117153
5.0,31.199712123913176,34.48001882206856,2.1835586886150957,30.112901444838368,38.84713619929875
5.25,31.823048299461572,33.963158246117814,2.1835586886151006,29.596040868887613,38.330275623348015
5.5,38.415713671699834,35.15546504481553,2.183558688615104,30.78834766758532,39.52258242204574
5.75,44.84917846519049,40.77785603408213,2.1835586886150975,36.41073865685193,45.14497341131232
6.0,45.623168486889455,41.89344861337843,2.1835586886150833,37.526331236148266,46.2605659906086
6.25,45.86438568271646,44.75813205761001,2.1835586886150886,40.39101468037983,49.12524943484019
6.5,45.66829982497829,45.90533969828355,2.183558688615093,41.53822232105336,50.272457075513735
6.75,49.502788066253046,48.37806372939698,2.1835586886150717,44.01094635216683,52.74518110662712
7.0,54.20947366335291,53.33903161517602,2.1835586886150686,48.97191423794588,57.706148992406156
7.25,55.953524472426516,54.21117292704501,2.1835586886150686,49.844055549814875,58.57829030427515
7.5,55.17034142781833,55.04655878310215,2.1835586886151073,50.679441405871934,59.413676160332365
7.75,60.87882165932458,59.55770645632803,2.1835586886150606,55.190589079097904,63.92482383355815
8.0,64.21178605905185,61.9768773157548,2.1835586886150993,57.6097599385246,66.34399469298499
8.25,84.7259091171972,82.06941956969408,2.1835586886150753,77.70230219246393,86.43653694692422
8.5,84.8154175303599,85.72346273974188,2.1835586886151086,81.35634536251166,90.09058011697209
8.75,82.17526003370457,83.69691718849958,2.1835586886151033,79.32979981126938,88.06403456572978
9.0,85.34337925183841,86.06059823664992,2.183558688615083,81.69348085941976,90.42771561388008
9.25,85.19206843903703,85.78958473892123,2.183558688615087,81.42246736169106,90.15670211615141
9.5,81.86576600234137,82.98385506140494,2.1835586886150846,78.61673768417477,87.35097243863511
9.75,82.40779967035235,83.57621562753678,2.1835586886150846,79.20909825030661,87.94333300476696
10.0,85.1247768004479,84.2834229506809,2.1835586886150957,79.91630557345071,88.65054032791109
10.25,85.47063851955127,86.03833396178318,2.183558688615092,81.671216584553,90.40545133901337
10.5,87.52478192461966,83.75005273238243,2.1835586886150953,79.38293535515224,88.11717010961262
10.75,85.30088175035489,84.0656847067071,2.1835586886150624,79.69856732947697,88.43280208393723
11.0,87.56459881925986,87.72525364520178,2.183558688615082,83.35813626797162,92.09237102243193
11.25,83.05551784048203,85.08281592378687,2.18355868861508,80.71569854655671,89.44993330101703
11.5,86.89094267201074,88.71202822885544,2.1835586886150775,84.34491085162529,93.0791456060856
11.75,88.19759086472159,88.81280732152004,2.1835586886150873,84.44568994428987,93.17992469875021
12.0,86.53027603443694,87.86384716091158,2.1835586886150975,83.49672978368137,92.23096453814178
12.25,89.99648676819876,92.29111009783387,2.1835586886150846,87.92399272060369,96.65822747506404
12.5,91.20652011712176,91.71093350200495,2.1835586886151077,87.34381612477473,96.07805087923516
12.75,92.084451462293,92.12455107450984,2.1835586886150766,87.75743369727968,96.49166845174
13.0,92.47728091601395,93.91939210649949,2.1835586886150815,89.55227472926933,98.28650948372965
13.25,96.88426952635062,93.94542205800155,2.1835586886150913,89.57830468077137,98.31253943523174
13.5,95.14545952147657,95.06650690868135,2.183558688615113,90.69938953145112,99.43362428591158
13.75,96.8124390600026,95.74770356747888,2.183558688615116,91.38058619024865,100.11482094470911
14.0,91.75528259095512,93.70162144304078,2.1835586886150833,89.3345040658106,98.06873882027095
14.25,94.3069428582381,96.2481134295578,2.1835586886150886,91.88099605232763,100.61523080678798
14.5,99.44399728843246,97.19974375527676,2.183558688615085,92.83262637804658,101.56686113250693
14.75,93.47052578542711,94.07945273947828,2.183558688615085,89.71233536224811,98.44657011670846
15.0,96.2765073242535,93.48629220169896,2.1835586886151073,89.11917482446874,97.85340957892917
15.25,94.60071334289823,92.48870828323382,2.18355868861508,88.12159090600366,96.85582566046398
15.5,90.84013908474822,90.0761439410031,2.183558688615105,85.70902656377288,94.44326131823331
15.75,85.26428113322874,89.07112948346244,2.183558688615116,84.70401210623221,93.43824686069267
16.0,90.39561843391202,88.1908353294902,2.1835586886150966,83.82371795226001,92.55795270672039
16.25,63.00355983588242,65.29279485095535,2.183558688615091,60.925677473725166,69.65991222818553
16.5,64.80911803043571,63.04677045835228,2.1835586886150917,58.6796530811221,67.41388783558246
16.75,56.802250210880636,61.74712218435281,2.1835586886150993,57.38000480712261,66.114239561583
17.0,53.86721167465749,53.622512771131376,2.1835586886151104,49.25539539390115,57.9896301483616
17.25,51.690833118638366,52.326056832233824,2.183558688615106,47.958939455003616,56.69317420946403
17.5,49.95183029509146,52.91231149658505,2.1835586886150957,48.54519411935485,57.27942887381524
17.75,48.376395170651435,46.62498308318457,2.1835586886151086,42.25786570595435,50.99210046041478
18.0,47.46074848615594,45.75164211256148,2.183558688615101,41.384524735331276,50.11875948979168
18.25,43.697369602567626,44.43902728148241,2.183558688615102,40.07190990425221,48.80614465871261
18.5,41.54851689170445,42.62458382086354,2.1835586886150984,38.25746644363335,46.991701198093736
18.75,42.22934128140676,40.31433570714809,2.1835586886150993,35.94721832991789,44.68145308437829
19.0,33.73454238147683,35.986672452737764,2.1835586886150846,31.619555075507595,40.35378982996794
19.25,37.648059191653175,38.72934474540051,2.183558688615086,34.36222736817034,43.09646212263068
19.5,38.786695332062166,38.30636340562253,2.183558688615116,33.9392460283923,42.67348078285276
19.75,39.49927762980897,40.27897504746777,2.1835586886151117,35.911857670237545,44.64609242469799
20.0,39.24997640628274,39.81971893274799,2.183558688615098,35.452601555517795,44.18683630997818
20.25,35.91146764710157,39.166096721147554,2.1835586886151415,34.79897934391727,43.53321409837784
20.5,37.19406110997876,38.80052019199233,2.1835586886150997,34.433402814762125,43.16763756922253
20.75,38.85270411222915,38.204330001119004,2.1835586886150917,33.83721262388882,42.57144737834919
21.0,37.51097891140548,40.2891867870093,2.1835586886150518,35.9220694097792,44.6563041642394
21.25,37.12558196417824,37.82515744167018,2.183558688615123,33.458040064439935,42.19227481890042
21.5,36.05718404015314,37.92995635617434,2.18355868861509,33.56283897894416,42.29707373340452
21.75,40.14216945725546,39.155288880480605,2.183558688615128,34.78817150325035,43.52240625771086
22.0,40.50015071072286,41.634723780624746,2.183558688615085,37.26760640339457,46.00184115785492
22.25,40.19557838066993,41.79822640962358,2.1835586886151077,37.431109032393366,46.165343786853796
22.5,41.93663709395618,40.45492008149098,2.183558688615111,36.08780270426076,44.822037458721205
22.75,40.92286472849744,40.54290546334917,2.18355868861511,36.17578808611895,44.910022840579394
23.0,36.67759815196198,39.979510319898615,2.1835586886150877,35.61239294266844,44.34662769712879
23.25,36.81682914039538,34.683707499838754,2.1835586886150873,30.31659012260858,39.050824877068926
23.5,32.857185094365875,35.009525619802076,2.183558688615121,30.642408242571832,39.37664299703232
23.75,37.94515505609907,36.35559651150389,2.183558688615126,31.98847913427364,40.72271388873414
24.0,34.17443392088721,34.27697957173784,2.183558688615081,29.909862194507678,38.644096948968
24.25,38.14643933196809,37.10873353264583,2.1835586886150766,32.74161615541568,41.47585090987598
24.5,34.92392652253111,35.85454066921025,2.1835586886150384,31.487423291980175,40.221658046440325
24.75,35.207981803579706,34.15093392808981,2.1835586886150478,29.78381655085972,38.51805130531991
25.0,36.401224656791726,35.92001038627827,2.183558688614996,31.55289300904828,40.287127763508266
25.25,32.90974163764606,34.60323594812316,2.1835586886150895,30.236118570892977,38.97035332535334
25.5,38.70861783599396,35.32530550081472,2.183558688615053,30.958188123584616,39.69242287804483
25.75,39.50111987670553,37.73638561321269,2.183558688615058,33.369268235982574,42.103502990442806
26.0,33.8808709197271,33.77724431226617,2.1835586886150256,29.410126935036118,38.14436168949622
26.25,33.70026521126735,35.41345107770411,2.1835586886150518,31.04633370047401,39.78056845493421
26.5,38.02469091170002,36.788218641545384,2.1835586886150167,32.421101264315354,41.155336018775415
26.75,32.99022205752494,36.18925350194301,2.1835586886150535,31.822136124712898,40.556370879173116
27.0,38.121341887770235,36.545245346212184,2.1835586886150904,32.178127968982004,40.912362723442364
27.25,31.780857923322017,33.646566592336484,2.1835586886150726,29.27944921510634,38.01368396956663
27.5,36.09513847902629,36.93492028859987,2.183558688615075,32.56780291136972,41.30203766583002
27.75,39.41661185214979,37.951294209134666,2.183558688615071,33.58417683190452,42.31841158636481
28.0,30.500812570819505,34.89883499728072,2.183558688615061,30.5317176200506,39.265952374510846
28.25,37.13778636094238,35.99233646038659,2.183558688615041,31.62521908315651,40.35945383761667
28.5,37.64761242354118,33.57122512698176,2.1835586886150318,29.204107749751696,37.938342504211825
28.75,34.596044024885074,34.02192781394327,2.1835586886150713,29.654810436713127,38.389045191173416
29.0,33.66439980660127,34.480018822065446,2.1835586886150806,30.112901444835284,38.847136199295605
29.25,32.700926426947056,33.96315824611914,2.1835586886150598,29.596040868889023,38.330275623349266
29.5,32.75896857562883,35.15546504481575,2.1835586886150287,30.78834766758569,39.52258242204581
29.75,39.37295927566998,40.777856034089744,2.183558688615028,36.410738656859685,45.1449734113198
30.0,42.160970268893585,41.89344861338363,2.1835586886150393,37.52633123615355,46.26056599061371
30.25,42.81902668317687,44.758132057610325,2.1835586886150335,40.39101468038026,49.12524943484039
30.5,47.35485854481876,45.90533969829666,2.183558688615033,41.53822232106659,50.272457075526724
30.75,47.00561711169988,48.37806372939294,2.183558688615029,44.01094635216288,52.745181106623
31.0,49.27474337914137,53.339031615184176,2.1835586886150304,48.97191423795412,57.706148992414235
31.25,56.43968543216033,54.21117292704166,2.183558688615034,49.84405554981159,58.578290304271725
31.5,55.06403222064512,55.04655878309158,2.1835586886150264,50.679441405861525,59.41367616032163
31.75,60.58027572514384,59.557706456315096,2.1835586886150504,55.190589079084994,63.9248238335452
32.0,61.509919268390384,61.9768773157596,2.1835586886150353,57.60975993852953,66.34399469298967
32.25,82.6880216316063,82.06941956968933,2.18355868861503,77.70230219245927,86.43653694691939
32.5,84.63466465274534,85.72346273975924,2.1835586886150278,81.35634536252918,90.0905801169893
32.75,84.83335844704442,83.69691718848952,2.183558688615053,79.32979981125942,88.06403456571962
33.0,86.51882716403513,86.0605982366707,2.1835586886150598,81.69348085944058,90.42771561390082
33.25,85.64158786080564,85.78958473890859,2.1835586886150313,81.42246736167853,90.15670211613865
33.5,80.23814894516352,82.98385506141818,2.183558688615037,78.61673768418811,87.35097243864826
33.75,83.45186272379324,83.57621562752982,2.183558688615063,79.20909825029969,87.94333300475995
34.0,85.62209115851367,84.28342295069402,2.1835586886150398,79.91630557346394,88.65054032792409
34.25,85.02968965019843,86.0383339617699,2.183558688615035,81.67121658453982,90.40545133899997
34.5,86.22265657869318,83.75005273237748,2.183558688615063,79.38293535514735,88.11717010960761
34.75,85.04659252704852,84.06568470670902,2.1835586886150624,79.69856732947889,88.43280208393915
35.0,90.41445771962223,87.72525364519741,2.1835586886150464,83.35813626796732,92.0923710224275
35.25,83.14210846312625,85.08281592378732,2.183558688615068,80.71569854655719,89.44993330101745
35.5,89.50167815594713,88.71202822885701,2.183558688615058,84.34491085162689,93.07914560608712
35.75,89.44821466955193,88.81280732151134,2.183558688615065,84.44568994428121,93.17992469874147
36.0,87.51391583640216,87.86384716090333,2.183558688615058,83.49672978367322,92.23096453813345
36.25,91.6100164671754,92.29111009783426,2.1835586886150504,87.92399272060416,96.65822747506436
36.5,92.4338796857756,91.71093350200874,2.1835586886150433,87.34381612477866,96.07805087923883
36.75,90.99194508240973,92.12455107452013,2.183558688615047,87.75743369729004,96.49166845175021
37.0,94.61126095342959,93.9193921064975,2.1835586886150726,89.55227472926735,98.28650948372764
37.25,94.68756179162469,93.94542205800613,2.1835586886150584,89.57830468077601,98.31253943523625
37.5,95.04805494129123,95.06650690867104,2.1835586886150518,90.69938953144094,99.43362428590115
37.75,96.17010783409422,95.74770356748922,2.1835586886150447,91.38058619025914,100.11482094471931
38.0,94.54666498983174,93.70162144304294,2.1835586886150575,89.33450406581282,98.06873882027305
38.25,96.3044024588092,96.24811342957634,2.1835586886150398,91.88099605234626,100.61523080680641
38.5,98.36674241370989,97.1997437552753,2.183558688615063,92.83262637804518,101.56686113250544
38.75,93.1423953194924,94.07945273947459,2.1835586886150486,89.71233536224449,98.44657011670469
39.0,94.87514670234596,93.48629220170062,2.1835586886150553,89.1191748244705,97.85340957893074
39.25,91.55221253140685,92.48870828322833,2.183558688615058,88.12159090599822,96.85582566045845
39.5,90.01340073636754,90.07614394099429,2.1835586886150318,85.70902656376423,94.44326131822434
39.75,89.60512791580064,89.07112948346338,2.1835586886150544,84.70401210623328,93.43824686069348
40.0,87.03910201232577,88.19083532947928,2.1835586886150598,83.82371795224917,92.5579527067094
40.25,67.95086271086022,65.29279485094821,2.183558688615031,60.92567747371815,69.65991222817827
40.5,66.19468923851316,63.04677045834059,2.183558688615045,58.6796530811105,67.41388783557068
40.75,65.03149092182115,61.747122184352044,2.183558688615043,57.380004807121956,66.11423956158212
41.0,54.91423854795571,53.622512771128704,2.1835586886150535,49.255395393898596,57.98963014835881
41.25,51.052385894317894,52.32605683223308,2.1835586886150473,47.958939455002984,56.69317420946317
41.5,53.45204269528513,52.91231149659666,2.183558688615047,48.54519411936656,57.27942887382675
41.75,43.82604998497747,46.62498308318534,2.1835586886150216,42.2578657059553,50.99210046041539
42.0,45.0948188521958,45.75164211257525,2.183558688615048,41.38452473534515,50.11875948980534
42.25,41.99596493037595,44.43902728148256,2.1835586886150695,40.07190990425242,48.8061446587127
42.5,42.704285845024856,42.624583820864785,2.1835586886150566,38.25746644363467,46.9917011980949
42.75,37.59524043058454,40.314335707131455,2.1835586886150637,35.947218329901325,44.681453084361586
43.0,39.22108505432966,35.98667245274241,2.1835586886150486,31.619555075512313,40.353789829972506
43.25,41.55614807273218,38.729344745395615,2.1835586886150846,34.36222736816545,43.09646212262578
43.5,37.845273372045625,38.306363405648206,2.183558688615086,33.93924602841803,42.67348078287838
43.75,39.33119242125385,40.27897504745369,2.183558688615077,35.91185767022354,44.64609242468384
44.0,40.63161039584365,39.819718932773384,2.1835586886150424,35.452601555543296,44.18683631000347
44.25,39.784285144924745,39.16609672114808,2.183558688615055,34.79897934391797,43.53321409837819
44.5,35.958061287842064,38.8005201920111,2.183558688615072,34.433402814780955,43.16763756924124
44.75,31.143585240668948,38.20433000111859,2.183558688615052,33.83721262388849,42.571447378348694
45.0,38.388267135200145,40.28918678701841,2.1835586886150544,35.9220694097883,44.65630416424852
45.25,39.68519047084226,37.82515744167965,2.1835586886150256,33.4580400644496,42.1922748189097
45.5,38.28798632317822,37.929956356176156,2.1835586886150558,33.56283897894605,42.297073733406265
45.75,39.90573727803378,39.15528888048283,2.18355868861507,34.78817150325269,43.522406257712966
46.0,40.39394802872835,41.63472378062755,2.1835586886150544,37.267606403397444,46.00184115785766
46.25,40.1310233063725,41.79822640963322,2.1835586886150717,37.43110903240308,46.16534378686337
46.5,40.868603742201074,40.45492008148189,2.183558688615026,36.087802704251835,44.82203745871194
46.75,41.42476834611545,40.54290546335029,2.18355868861504,36.17578808612021,44.91002284058037
47.0,41.95621455072993,39.97951031989665,2.1835586886150566,35.61239294266653,44.34662769712676
47.25,34.225548154695815,34.683707499838206,2.1835586886150793,30.316590122608048,39.050824877068365
47.5,36.79588176497033,35.00952561979222,2.1835586886150704,30.64240824256208,39.37664299702236
47.75,38.17072376158318,36.35559651150831,2.183558688615074,31.988479134278162,40.722713888738454
48.0,35.55232227295038,34.276979571737215,2.183558688615053,29.90986219450711,38.644096948967324
48.25,36.13091360469356,37.108733532646035,2.1835586886150553,32.741616155415926,41.475850909876144
48.5,35.56447679095564,35.8545406692066,2.183558688615098,31.487423291976405,40.221658046436794
48.75,31.022471171324643,34.15093392808908,2.1835586886151037,29.783816550858873,38.51805130531929
49.0,38.200346595177585,35.92001038628082,2.183558688615092,31.55289300905064,40.28712776351101
49.25,36.386991815901524,34.603235948127804,2.1835586886150797,30.236118570897645,38.97035332535796
49.5,34.13946408816343,35.32530550081127,2.1835586886150926,30.95818812358108,39.692422878041455
49.75,38.497536833751816,37.736385613215205,2.1835586886150797,33.36926823598505,42.103502990445364
50.0,35.02476582627194,33.777244312268145,2.1835586886150558,29.410126935038033,38.144361689498254
50.25,35.41755541268365,35.41345107770523,2.183558688615068,31.046333700475095,39.78056845493537
50.5,37.92419032095212,36.788218641531195,2.1835586886150984,32.421101264301,41.15533601876139
50.75,39.50250856314462,36.18925350193846,2.1835586886150895,31.82213612470828,40.55637087916864
51.0,36.96035406449612,36.54524534619891,2.1835586886151135,32.17812796896868,40.91236272342914
51.25,35.029584494062846,33.646566592330124,2.1835586886150695,29.279449215099987,38.01368396956026
51.5,35.497136799259074,36.93492028859128,2.1835586886150966,32.567802911361085,41.30203766582147
51.75,38.11898651792448,37.95129420912774,2.183558688615084,33.58417683189757,42.318411586357904
52.0,36.7189560414881,34.89883499727964,2.1835586886151277,30.53171762004939,39.2659523745099
52.25,32.1185769024188,35.9923364603851,2.1835586886150895,31.625219083154917,40.35945383761528
52.5,31.088547841528552,33.57122512698754,2.183558688615126,29.20410774975729,37.93834250421779
52.75,33.18624918556308,34.02192781394194,2.1835586886150784,29.654810436711784,38.3890451911721
53.0,34.12981894817015,34.480018822067414,2.1835586886151352,30.112901444837142,38.84713619929769
53.25,33.729564556324604,33.96315824612035,2.1835586886151104,29.596040868890128,38.33027562335057
53.5,35.61842637481591,35.1554650448222,2.1835586886151206,30.78834766759196,39.522582422052444
53.75,40.56723043710737,40.777856034089574,2.1835586886151357,36.4107386568593,45.144973411319846
54.0,39.4608862084739,41.89344861338072,2.183558688615121,37.526331236150476,46.260565990610964
54.25,43.176482912743175,44.75813205760354,2.1835586886151326,40.391014680373274,49.125249434833805
54.5,47.14268192193088,45.90533969829553,2.183558688615142,41.53822232106524,50.272457075525814
54.75,49.09429146557202,48.37806372938169,2.183558688615138,44.01094635215141,52.745181106611966
55.0,52.0489442250505,53.33903161517794,2.183558688615116,48.97191423794771,57.70614899240817
55.25,56.008637492392126,54.211172927032294,2.1835586886151157,49.844055549802064,58.578290304262524
55.5,54.15093462611639,55.04655878309732,2.1835586886151317,50.67944140586705,59.41367616032758
55.75,62.32575085085408,59.557706456311344,2.1835586886150993,55.19058907908114,63.924823833541545
56.0,61.54793624598664,61.97687731575335,2.1835586886151304,57.60975993852309,66.34399469298361
56.25,85.72355372756408,82.06941956969979,2.1835586886151113,77.70230219246957,86.43653694693
56.5,86.6483491748108,85.72346273974944,2.1835586886151233,81.35634536251919,90.09058011697968
56.75,84.23456870236241,83.69691718849774,2.1835586886151273,79.32979981126748,88.064034565728
57.0,87.26006147034872,86.06059823665692,2.1835586886151077,81.6934808594267,90.42771561388713
57.25,83.6412165282795,85.78958473891126,2.183558688615109,81.42246736168104,90.15670211614147
57.5,85.11583882960618,82.98385506140895,2.183558688615112,78.61673768417872,87.35097243863918
57.75,86.26834127354098,83.57621562753212,2.183558688615118,79.20909825030189,87.94333300476235
58.0,83.45811680995853,84.28342295070598,2.183558688615121,79.91630557347574,88.65054032793623
58.25,90.0227730560392,86.03833396177006,2.18355868861512,81.67121658453982,90.40545133900031
58.5,81.9084990448454,83.75005273237458,2.18355868861512,79.38293535514434,88.11717010960483
58.75,82.18318949250344,84.06568470669795,2.183558688615111,79.69856732946774,88.43280208392817
59.0,90.9024321855972,87.72525364520375,2.1835586886151117,83.35813626797352,92.09237102243398
59.25,88.04807171228018,85.08281592379275,2.1835586886151166,80.71569854656252,89.44993330102298
59.5,91.96482532414144,88.71202822885616,2.183558688615118,84.34491085162593,93.07914560608639
59.75,90.11007600504217,88.81280732151916,2.1835586886151277,84.4456899442889,93.17992469874942
60.0,87.64654932652023,87.8638471609093,2.18355868861512,83.49672978367906,92.23096453813955
60.25,91.23280271781769,92.29111009783838,2.183558688615128,87.92399272060813,96.65822747506864
60.5,94.41581563176653,91.71093350200617,2.1835586886151304,87.34381612477591,96.07805087923643
60.75,91.95515778600996,92.1245510745164,2.183558688615126,87.75743369728615,96.49166845174666
61.0,95.12329290682561,93.91939210650227,2.1835586886151273,89.55227472927201,98.28650948373253
61.25,90.36834209580958,93.94542205800921,2.1835586886151135,89.57830468077898,98.31253943523944
61.5,94.83500341655154,95.06650690867056,2.183558688615127,90.6993895314403,99.43362428590082
61.75,97.35597341700863,95.7477035674809,2.1835586886151352,91.38058619025063,100.11482094471117
62.0,96.04751160091408,93.70162144303285,2.1835586886151224,89.3345040658026,98.06873882026309
62.25,98.29195375800954,96.24811342956724,2.183558688615128,91.88099605233698,100.6152308067975
62.5,99.04673304603779,97.19974375527173,2.1835586886151277,92.83262637804147,101.56686113250198
62.75,91.45623603125631,94.0794527394662,2.183558688615117,89.71233536223598,98.44657011669644
63.0,90.40601673586082,93.4862922016927,2.1835586886151206,89.11917482446246,97.85340957892295
63.25,90.73769601741559,92.4887082832227,2.1835586886151086,88.12159090599249,96.85582566045292
63.5,94.58646998108638,90.07614394100105,2.183558688615133,85.70902656377078,94.44326131823132
63.75,91.16852567632823,89.07112948345994,2.1835586886151144,84.70401210622971,93.43824686069017
64.0,90.89916268018702,88.190835329491,2.1835586886151046,83.82371795226078,92.55795270672121
64.25,64.07379657156524,65.29279485094335,2.1835586886151117,60.92567747371313,69.65991222817358
64.5,63.41954649483917,63.04677045835068,2.1835586886151273,58.67965308112042,67.41388783558094
64.75,57.756447228938875,61.747122184355554,2.183558688615115,57.380004807125324,66.11423956158578
65.0,55.27338219961745,53.62251277114503,2.1835586886151366,49.25539539391476,57.989630148375305
65.25,53.03529151668685,52.32605683224079,2.1835586886151086,47.95893945501057,56.693174209471
65.5,53.99173196446609,52.91231149658468,2.183558688615112,48.545194119354456,57.2794288738149
65.75,46.80100797980218,46.62498308318247,2.1835586886151224,42.25786570595223,50.992100460412715
66.0,46.538727665384506,45.75164211256567,2.1835586886151224,41.384524735335425,50.11875948979591
66.25,42.44421814630662,44.43902728149381,2.183558688615122,40.07190990426356,48.80614465872405
66.5,42.473401514905525,42.62458382086483,2.1835586886151175,38.25746644363459,46.991701198095065
66.75,37.02580050415212,40.31433570714756,2.1835586886151157,35.947218329917334,44.68145308437779
67.0,34.962202219051164,35.98667245272683,2.183558688615114,31.6195550754966,40.35378982995706
67.25,35.56149001655288,38.72934474541107,2.1835586886150775,34.36222736818091,43.09646212264123
67.5,39.46382804157791,38.306363405638905,2.183558688615113,33.939246028408675,42.673480782869134
67.75,41.17391841927897,40.27897504746598,2.183558688615071,35.91185767023583,44.64609242469612
68.0,39.09491229038676,39.81971893275738,2.1835586886150957,35.45260155552719,44.18683630998758
68.25,37.962909849067394,39.16609672114964,2.1835586886151126,34.79897934391942,43.533214098379865
68.5,39.755198455483914,38.800520191996625,2.1835586886150953,34.43340281476644,43.16763756922681
68.75,37.02942012619726,38.20433000111983,2.183558688615082,33.83721262388966,42.571447378349994
69.0,42.77202630907704,40.28918678701495,2.1835586886151273,35.9220694097847,44.6563041642452
69.25,37.7784356622686,37.82515744168667,2.1835586886150935,33.45804006445648,42.19227481891686
69.5,36.75623813819168,37.92995635617215,2.1835586886150966,33.562838978941954,42.29707373340234
69.75,36.46174756353334,39.15528888047577,2.183558688615092,34.788171503245586,43.52240625770596
70.0,47.29709902872013,41.63472378062682,2.183558688615103,37.26760640339661,46.00184115785703
70.25,42.07288532472284,41.79822640962569,2.1835586886150966,37.4311090323955,46.165343786855885
70.5,37.03395680145758,40.45492008149121,2.1835586886150975,36.087802704261016,44.822037458721404
70.75,41.9088648532631,40.54290546334836,2.183558688615064,36.17578808611823,44.91002284057849
71.0,43.819962430381416,39.979510319899504,2.1835586886151126,35.61239294266928,44.346627697129726
71.25,34.0237493110231,34.683707499830795,2.183558688615076,30.316590122600644,39.05082487706095
71.5,35.65255121720983,35.00952561978892,2.1835586886150984,30.64240824255872,39.37664299701911
71.75,35.99540448482322,36.35559651150436,2.1835586886150735,31.98847913427421,40.7227138887345
72.0,35.398577358584,34.276979571737215,2.1835586886150944,29.909862194507028,38.6440969489674
72.25,39.20037187985294,37.108733532648316,2.183558688615092,32.74161615541813,41.4758509098785
72.5,34.07605685647155,35.85454066920647,2.1835586886151064,31.48742329197626,40.22165804643669
72.75,34.03645338832422,34.15093392808697,2.183558688615094,29.783816550856784,38.51805130531716
73.0,35.999992724028274,35.92001038628105,2.183558688615053,31.552893009050944,40.28712776351116
73.25,34.61968739825263,34.60323594812522,2.1835586886150806,30.236118570895055,38.970353325355376
73.5,34.894322389782566,35.32530550080372,2.1835586886150713,30.958188123573578,39.69242287803387
73.75,37.63055546667132,37.73638561320196,2.183558688615073,33.369268235971816,42.103502990432105
74.0,34.148737765944745,33.777244312269204,2.18355868861507,29.410126935039063,38.14436168949934
74.25,35.14372218640905,35.41345107771086,2.1835586886150726,31.046333700480716,39.780568454941005
74.5,37.91488115007188,36.78821864154032,2.1835586886150593,32.4211012643102,41.155336018770434
74.75,36.54421795291396,36.18925350193427,2.1835586886150824,31.8221361247041,40.55637087916443
75.0,36.00191564638609,36.54524534620314,2.183558688615066,32.17812796897301,40.91236272343327
75.25,33.35994025326855,33.64656659233385,2.183558688615066,29.279449215103718,38.01368396956398
75.5,40.36468720797952,36.934920288598605,2.1835586886150473,32.56780291136851,41.3020376658287
75.75,37.24259647206849,37.95129420913031,2.1835586886150877,33.58417683190014,42.31841158636048
76.0,33.02813355766704,34.89883499727363,2.183558688615108,30.531717620043416,39.26595237450385
76.25,37.800497587104914,35.99233646038984,2.183558688615049,31.625219083159745,40.35945383761994
76.5,33.20446493521831,33.57122512699018,2.183558688615049,29.20410774976008,37.93834250422027
76.75,32.752992280839294,34.02192781394063,2.183558688615084,29.65481043671046,38.389045191170794
77.0,35.665242049237946,34.480018822069226,2.1835586886151197,30.112901444838986,38.84713619929946
77.25,37.3477913586719,33.963158246122426,2.183558688615112,29.596040868892203,38.33027562335265
77.5,32.70765893913044,35.15546504482349,2.18355868861513,30.78834766759323,39.522582422053745
77.75,43.30946151561267,40.777856034080266,2.183558688615092,36.41073865685008,45.14497341131045
78.0,43.46386137633253,41.89344861337198,2.183558688615098,37.526331236141786,46.260565990602174
78.25,47.1037390606571,44.75813205758935,2.1835586886150993,40.39101468035915,49.12524943481955
78.5,44.502257685065466,45.90533969829399,2.183558688615092,41.538222321063806,50.27245707552418
78.75,52.354063444126304,48.37806372938572,2.183558688615111,44.0109463521555,52.745181106615945
79.0,52.79429921337659,53.33903161517548,2.1835586886150855,48.971914237945306,57.70614899240565
79.25,57.859805641933306,54.21117292703371,2.1835586886150944,49.84405554980352,58.578290304263895
79.5,50.75519845373376,55.04655878309628,2.1835586886151064,50.679441405866065,59.413676160326496
79.75,58.377482838455585,59.557706456315266,2.183558688615107,55.19058907908505,63.92482383354548
80.0,59.52756244743373,61.97687731575895,2.1835586886150953,57.609759938528754,66.34399469298914
80.25,80.79784834715578,82.06941956968811,2.1835586886150993,77.7023021924579,86.43653694691831
80.5,89.9652787436839,85.7234627397473,2.1835586886150997,81.3563453625171,90.0905801169775
80.75,81.54669191432394,83.69691718848432,2.1835586886150966,79.32979981125413,88.06403456571451
81.0,84.83020209256149,86.06059823666047,2.1835586886150935,81.69348085943028,90.42771561389065
81.25,87.63794607537815,85.78958473891387,2.1835586886150797,81.42246736168372,90.15670211614403
81.5,80.21280367088832,82.9838550614103,2.183558688615094,78.61673768418011,87.35097243864048
81.75,84.00208819714267,83.57621562752922,2.1835586886150953,79.20909825029904,87.94333300475941
82.0,83.31749061923486,84.28342295070713,2.1835586886150984,79.91630557347693,88.65054032793734
82.25,87.35252397872769,86.03833396177183,2.183558688615094,81.67121658454164,90.40545133900201
82.5,80.273624754337,83.75005273237382,2.1835586886151055,79.3829353551436,88.11717010960403
82.75,83.69378229661854,84.06568470668918,2.1835586886150846,79.69856732945901,88.43280208391936
83.0,85.0911336022332,87.7252536451991,2.183558688615085,83.35813626796893,92.09237102242928
83.25,86.33042591883853,85.08281592378546,2.1835586886150997,80.71569854655526,89.44993330101566
83.5,88.97001320635326,88.71202822885685,2.1835586886150997,84.34491085162665,93.07914560608705
83.75,86.3152719123629,88.81280732151959,2.183558688615104,84.44568994428937,93.1799246987498
84.0,87.96920393394717,87.86384716091061,2.1835586886150993,83.49672978368041,92.23096453814081
84.25,93.41069099109461,92.2911100978417,2.183558688615092,87.92399272061151,96.65822747507188
84.5,89.82402142526475,91.71093350200339,2.1835586886151073,87.34381612477317,96.0780508792336
84.75,92.99067904635312,92.124551074512,2.1835586886150984,87.7574336972818,96.4916684517422
85.0,94.05911678289395,93.91939210649568,2.183558688615104,89.55227472926546,98.2865094837259
85.25,95.54783502263106,93.9454220580101,2.183558688615091,89.57830468077991,98.31253943524028
85.5,96.34788825251357,95.06650690867181,2.1835586886151006,90.69938953144161,99.43362428590201
85.75,94.3498712659638,95.74770356747865,2.183558688615099,91.38058619024845,100.11482094470885
86.0,93.46830627079828,93.70162144303089,2.1835586886150864,89.33450406580072,98.06873882026106
86.25,95.29785989592447,96.24811342957261,2.183558688615086,91.88099605234244,100.61523080680278
86.5,94.39229897509296,97.19974375528163,2.1835586886150877,92.83262637805146,101.5668611325118
86.75,95.56115597163388,94.07945273947243,2.183558688615091,89.71233536224224,98.44657011670262
87.0,92.80043446087744,93.48629220169624,2.183558688615108,89.11917482446603,97.85340957892646
87.25,93.68836233814855,92.4887082832274,2.1835586886151,88.1215909059972,96.8558256604576
87.5,88.98501545061626,90.0761439409965,2.1835586886150877,85.70902656376633,94.44326131822667
87.75,90.48945439505256,89.07112948346213,2.183558688615086,84.70401210623196,93.4382468606923
88.0,88.38483629065344,88.19083532948832,2.183558688615108,83.82371795225811,92.55795270671854
88.25,64.41161421052928,65.29279485094497,2.183558688615092,60.925677473714785,69.65991222817516
88.5,60.617461164788985,63.04677045833915,2.183558688615103,58.67965308110894,67.41388783556935
88.75,64.45665345227484,61.747122184350225,2.183558688615094,57.38000480712004,66.11423956158042
89.0,54.30717532729157,53.6225127711382,2.1835586886150917,49.25539539390802,57.98963014836838
89.25,52.45608317689086,52.32605683223607,2.183558688615105,47.95893945500586,56.69317420946628
89.5,53.91528159051307,52.91231149658933,2.183558688615101,48.54519411935913,57.27942887381953
89.75,43.99767356480231,46.62498308318001,2.1835586886151064,42.2578657059498,50.99210046041023
90.0,45.878869119492165,45.75164211256623,2.18355868861509,41.38452473533605,50.11875948979641
90.25,45.10386089550089,44.43902728148892,2.1835586886150953,40.07190990425873,48.806144658719106
90.5,46.229289023957534,42.62458382087783,2.1835586886151064,38.257466443647616,46.991701198108046
90.75,40.975341432909154,40.314335707145354,2.183558688615088,35.947218329915174,44.68145308437553
91.0,34.41221443043619,35.98667245272812,2.183558688615082,31.619555075497956,40.35378982995829
91.25,36.91124230795577,38.7293447454001,2.183558688615078,34.36222736816994,43.09646212263026
91.5,39.336090887725554,38.30636340564836,2.1835586886150806,33.939246028418204,42.67348078287852
91.75,39.660571770721134,40.27897504746477,2.183558688615075,35.91185767023462,44.64609242469492
92.0,40.88205964476966,39.81971893275768,2.1835586886150686,35.452601555527544,44.18683630998782
92.25,38.003309065241744,39.16609672114615,2.183558688615098,34.79897934391595,43.53321409837634
92.5,39.44044999805342,38.80052019200953,2.1835586886150726,34.433402814779384,43.16763756923967
92.75,39.57385161925772,38.20433000113104,2.183558688615055,33.83721262390093,42.57144737836115
93.0,41.05838270827917,40.289186787014714,2.183558688615063,35.92206940978459,44.65630416424484
93.25,35.96920178080113,37.82515744168504,2.1835586886150775,33.45804006445489,42.192274818915195
93.5,40.493923819502825,37.92995635617355,2.183558688615072,33.562838978943404,42.29707373340369
93.75,38.34615375917323,39.15528888047904,2.1835586886150615,34.78817150324892,43.522406257709164
94.0,40.13001558284644,41.63472378061876,2.183558688615074,37.26760640338861,46.0018411578489
94.25,43.94501261826371,41.79822640962837,2.1835586886150455,37.43110903239828,46.16534378685846
94.5,39.10994155705003,40.45492008149142,2.1835586886150775,36.087802704261264,44.82203745872158
94.75,43.53830355368614,40.542905463346514,2.1835586886150704,36.17578808611637,44.91002284057666
95.0,39.67246836840695,39.979510319895844,2.183558688615077,35.61239294266569,44.346627697125996
95.25,31.517937086514475,34.683707499832835,2.183558688615082,30.31659012260267,39.050824877063
95.5,33.06997084064918,35.00952561979468,2.1835586886150633,30.642408242564553,39.3766429970248
95.75,34.93584763272798,36.35559651150569,2.183558688615076,31.988479134275536,40.72271388873584
96.0,33.577523565507796,34.27697957173956,2.1835586886150993,29.909862194509362,38.64409694896976
96.25,38.166315062753306,37.10873353264991,2.183558688615109,32.74161615541969,41.47585090988012
96.5,39.30333349690445,35.85454066921064,2.183558688615085,31.487423291980473,40.221658046440815
96.75,36.02210135287797,34.15093392808407,2.183558688615093,29.783816550853885,38.51805130531426
97.0,34.347026270489074,35.92001038628068,2.1835586886151246,31.55289300905043,40.28712776351093
97.25,35.657520473220686,34.60323594813118,2.183558688615087,30.236118570901006,38.97035332536135
97.5,35.28821589441584,35.32530550081876,2.18355868861509,30.958188123588577,39.69242287804894
97.75,35.3865752911671,37.736385613206984,2.1835586886150855,33.36926823597681,42.10350299043716
98.0,35.05730087915447,33.77724431227028,2.183558688615087,29.410126935040104,38.14436168950045
98.25,37.8758370099018,35.413451077711315,2.1835586886150704,31.046333700481174,39.78056845494146
98.5,36.26465607823085,36.78821864153921,2.183558688615075,32.42110126430906,41.15533601876936
98.75,35.713706161966336,36.18925350193531,2.1835586886150837,31.822136124705146,40.55637087916548
99.0,36.89362078475851,36.54524534619661,2.1835586886151064,32.17812796896639,40.912362723426824
99.25,34.88762192366313,33.646566592333436,2.183558688615076,29.279449215103284,38.01368396956359
99.5,35.41293597874702,36.934920288593496,2.1835586886151024,32.56780291136329,41.302037665823704
99.75,36.53737520143453,37.95129420913588,2.183558688615086,33.58417683190571,42.318411586366054
100.0,36.15542318286087,34.898834997282016,2.1835586886150935,30.53171762005183,39.2659523745122
100.25,37.0645265612816,35.99233646038858,2.183558688615117,31.625219083158346,40.359453837618815
100.5,35.005068433491445,33.57122512699742,2.1835586886150766,29.204107749767267,37.93834250422757
100.75,34.91427204862103,34.021927813940685,2.1835586886150797,29.654810436710527,38.389045191170844
101.0,34.47323776797194,34.48001882206652,2.1835586886150926,30.112901444836332,38.847136199296706
101.25,35.33207533666899,33.96315824611085,2.18355868861511,29.596040868880632,38.33027562334107
101.5,34.023321900156645,35.155465044814484,2.183558688615082,30.78834766758432,39.52258242204465
101.75,43.10926253744411,40.77785603407677,2.183558688615103,36.41073865684656,45.14497341130698
102.0,41.2708134854798,41.89344861337177,2.183558688615114,37.52633123614154,46.260565990602
102.25,46.4155642065865,44.75813205758551,2.1835586886151,40.39101468035531,49.125249434815714
102.5,45.25056497495959,45.90533969828517,2.183558688615096,41.538222321054974,50.27245707551536
102.75,50.70267156353956,48.37806372938265,2.1835586886150917,44.01094635215247,52.74518110661283
103.0,50.77019602706778,53.339031615174314,2.183558688615088,48.971914237944134,57.70614899240449
103.25,50.61626950158053,54.21117292703765,2.1835586886150917,49.844055549807464,58.57829030426784
103.5,53.7115525230009,55.04655878308527,2.1835586886150953,50.67944140585507,59.41367616031546
103.75,61.20008917531998,59.557706456308814,2.183558688615099,55.19058907907862,63.92482383353901
104.0,59.81474380768955,61.97687731574707,2.1835586886151153,57.60975993851684,66.3439946929773
104.25,84.0301762712156,82.06941956969243,2.1835586886151104,77.70230219246221,86.43653694692264
104.5,85.30953421351082,85.72346273974522,2.1835586886150926,81.35634536251503,90.0905801169754
104.75,87.69417692838547,83.69691718848873,2.1835586886150926,79.32979981125854,88.06403456571891
105.0,85.37198930446168,86.06059823666013,2.183558688615096,81.69348085942994,90.42771561389031
105.25,89.310856126632,85.78958473891747,2.1835586886150886,81.4224673616873,90.15670211614764
105.5,82.15390080253808,82.98385506141362,2.1835586886150966,78.61673768418343,87.35097243864381
105.75,82.38944775239196,83.57621562752902,2.183558688615098,79.20909825029882,87.94333300475922
106.0,85.14897482065652,84.28342295069915,2.1835586886150877,79.91630557346897,88.65054032792932
106.25,88.82051651408615,86.03833396176495,2.183558688615097,81.67121658453476,90.40545133899514
106.5,82.93827576871779,83.75005273237635,2.1835586886151033,79.38293535514615,88.11717010960655
106.75,83.41894337506754,84.06568470669396,2.1835586886150993,79.69856732946376,88.43280208392416
107.0,85.44818309870992,87.72525364520165,2.183558688615094,83.35813626797146,92.09237102243183
107.25,84.90315964130635,85.08281592378597,2.1835586886150953,80.71569854655579,89.44993330101616
107.5,86.73350332641942,88.71202822885715,2.1835586886150997,84.34491085162695,93.07914560608735
107.75,86.95970890535867,88.8128073215235,2.183558688615112,84.44568994429326,93.17992469875372
108.0,92.53660838751297,87.86384716091814,2.183558688615099,83.49672978368794,92.23096453814834
108.25,94.23962054036743,92.29111009784049,2.1835586886151104,87.92399272061027,96.6582274750707
108.5,92.73686853745136,91.71093350201131,2.1835586886151006,87.34381612478111,96.07805087924152
108.75,90.2032013976121,92.12455107450965,2.183558688615107,87.75743369727944,96.49166845173987
109.0,92.046135450625,93.91939210649807,2.1835586886151086,89.55227472926785,98.28650948372828
109.25,94.77779983793954,93.94542205800863,2.183558688615098,89.57830468077843,98.31253943523883
109.5,96.490736261638,95.06650690867457,2.183558688615089,90.6993895314444,99.43362428590474
109.75,95.74641309600455,95.74770356748208,2.183558688615097,91.38058619025188,100.11482094471228
110.0,95.62602420479483,93.70162144303046,2.1835586886151046,89.33450406580025,98.06873882026068
110.25,93.94726652984936,96.24811342956278,2.1835586886151077,91.88099605233256,100.615230806793
110.5,99.60768284962288,97.19974375528035,2.18355868861511,92.83262637805014,101.56686113251057
110.75,94.6618520512933,94.07945273946734,2.183558688615086,89.71233536223717,98.44657011669752
111.0,93.30051524070657,93.48629220169863,2.1835586886150975,89.11917482446843,97.85340957892883
111.25,89.160783744442,92.48870828322629,2.183558688615101,88.12159090599609,96.85582566045649
111.5,89.18578807810472,90.07614394099929,2.1835586886150984,85.70902656376909,94.44326131822949
111.75,86.02282253847103,89.0711294834563,2.1835586886151064,84.70401210622609,93.43824686068652
112.0,88.42129664379037,88.1908353294923,2.183558688615101,83.8237179522621,92.5579527067225
112.25,64.4016875722036,65.2927948509492,2.1835586886151033,60.925677473719,69.65991222817941
112.5,63.189419671461586,63.04677045835309,2.1835586886151024,58.67965308112288,67.4138878355833
112.75,61.07418064855753,61.74712218434713,2.1835586886151,57.380004807116926,66.11423956157732
113.0,54.808800070942326,53.62251277114195,2.183558688615104,49.25539539391174,57.98963014837216
113.25,56.09240237523157,52.32605683223621,2.1835586886150846,47.958939455006046,56.69317420946638
113.5,53.88093982616074,52.91231149658556,2.1835586886151024,48.54519411935536,57.27942887381576
113.75,46.68071933673455,46.62498308318283,2.1835586886151113,42.25786570595261,50.992100460413056
114.0,43.804516946139,45.751642112570636,2.1835586886151015,41.384524735340435,50.11875948980084
114.25,43.57193159916508,44.439027281487284,2.183558688615101,40.07190990425708,48.806144658717486
114.5,41.847276477204474,42.62458382087702,2.1835586886151037,38.25746644364681,46.99170119810723
114.75,42.487121944871,40.31433570715389,2.1835586886150966,35.94721832992369,44.68145308438408
115.0,35.66689874781368,35.98667245273504,2.183558688615106,31.61955507550483,40.35378982996525
115.25,39.035241132744815,38.72934474539945,2.1835586886150575,34.362227368169336,43.09646212262957
115.5,38.86669895096282,38.30636340564344,2.1835586886151104,33.939246028413216,42.67348078287366
115.75,42.690228314465365,40.27897504747087,2.1835586886150997,35.91185767024067,44.646092424701074
116.0,40.45995999297974,39.819718932765454,2.1835586886150864,35.45260155553528,44.18683630999563
116.25,43.272294113413096,39.166096721146005,2.1835586886150815,34.79897934391584,43.53321409837617
116.5,39.248440440859994,38.80052019200803,2.18355868861507,34.43340281477789,43.16763756923817
116.75,39.805523684958516,38.20433000113663,2.183558688615093,33.837212623906446,42.57144737836682
117.0,43.5524885392147,40.28918678702412,2.1835586886150775,35.92206940979396,44.65630416425428
117.25,38.35244796526465,37.82515744168749,2.1835586886151037,33.45804006445728,42.192274818917696
117.5,41.54553198686886,37.92995635617535,2.1835586886150713,33.56283897894521,42.2970737334055
117.75,40.436100158534096,39.15528888048038,2.1835586886151073,34.78817150325016,43.52240625771059
118.0,40.134513240140265,41.634723780621826,2.1835586886150846,37.26760640339165,46.001841157852
118.25,41.131543579706985,41.79822640962563,2.1835586886151113,37.431109032395405,46.16534378685585
118.5,42.33373317045568,40.45492008149909,2.1835586886150775,36.08780270426894,44.82203745872924
118.75,40.069069767840745,40.542905463351566,2.1835586886150757,36.175788086121415,44.91002284058172
119.0,37.48520440501548,39.97951031989265,2.1835586886151064,35.61239294266243,44.34662769712286
119.25,37.15611532623383,34.68370749983589,2.183558688615092,30.316590122605707,39.05082487706608
119.5,33.61556724716674,35.00952561979279,2.1835586886150846,30.64240824256262,39.376642997022955
119.75,35.404513211425844,36.355596511507876,2.1835586886150677,31.98847913427774,40.722713888738014
120.0,32.04909951319748,34.276979571735886,2.183558688615074,29.909862194505738,38.64409694896604
120.25,34.36204264409982,37.10873353264825,2.183558688615082,32.741616155418086,41.47585090987842
120.5,38.413083431031275,35.85454066920875,2.1835586886150713,31.487423291978608,40.2216580464389
120.75,34.19993110005707,34.15093392808568,2.1835586886150873,29.783816550855505,38.51805130531585
121.0,34.695764041057416,35.92001038627869,2.1835586886150935,31.552893009048503,40.28712776350888
121.25,37.03641840716114,34.603235948123114,2.1835586886150558,30.236118570893,38.97035332535322
121.5,35.84787506442504,35.3253055008159,2.1835586886150886,30.958188123585725,39.69242287804608
121.75,39.59129661221191,37.736385613205265,2.183558688615064,33.369268235975134,42.103502990435395
122.0,31.775122357427332,33.77724431227411,2.1835586886150513,29.410126935044005,38.14436168950421
122.25,34.657858242753576,35.41345107770361,2.183558688615045,31.04633370047352,39.7805684549337
122.5,36.07064655900957,36.7882186415451,2.1835586886150717,32.421101264314956,41.155336018775245
122.75,33.43299983960992,36.1892535019342,2.183558688615029,31.822136124704144,40.55637087916426
123.0,32.46938111793504,36.54524534620845,2.1835586886150633,32.17812796897833,40.91236272343858
123.25,31.208777464755396,33.64656659232834,2.1835586886150216,29.279449215098296,38.013683969558386
123.5,37.86472303270826,36.934920288599216,2.1835586886150935,32.56780291136903,41.3020376658294
123.75,37.546231815010394,37.95129420914005,2.183558688615075,33.5841768319099,42.3184115863702
124.0,34.72558750292951,34.898834997278314,2.1835586886150677,30.531717620048177,39.26595237450845
124.25,37.95352808169922,35.992336460381956,2.183558688615069,31.62521908315182,40.359453837612094
124.5,29.353541037578402,33.571225126998364,2.1835586886150375,29.20410774976829,37.93834250422844
124.75,35.17474271833187,34.02192781395171,2.1835586886150495,29.654810436721615,38.389045191181815
125.0,34.63795002828322,34.48001882206577,2.183558688615045,30.112901444835682,38.84713619929586
125.25,36.295252172101826,33.96315824611024,2.1835586886150398,29.59604086888016,38.33027562334032
125.5,36.57870827961437,35.15546504481127,2.1835586886150473,30.788347667581178,39.52258242204137
125.75,39.08818615703211,40.777856034082696,2.1835586886150367,36.41073865685262,45.14497341131277
126.0,39.71351431436013,41.893448613379526,2.183558688615048,37.52633123614943,46.26056599060962
126.25,43.82052253526463,44.7581320575971,2.1835586886150367,40.39101468036703,49.125249434827175
126.5,45.02745266528919,45.90533969829518,2.1835586886150398,41.5382223210651,50.27245707552526
126.75,45.19697316973748,48.378063729386746,2.183558688615036,44.01094635215667,52.74518110661682
127.0,54.425374620674226,53.33903161516837,2.1835586886150478,48.97191423793828,57.70614899239847
127.25,52.37208469468882,54.211172927046036,2.1835586886150407,49.844055549815955,58.578290304276116
127.5,54.37816443462979,55.04655878308545,2.1835586886150558,50.67944140585534,59.41367616031556
127.75,58.88483390721685,59.55770645631274,2.18355868861503,55.19058907908268,63.924823833542796
128.0,63.272986835994175,61.97687731575187,2.183558688615033,57.609759938521805,66.34399469298194
128.25,81.09523512874314,82.06941956968754,2.18355868861504,77.70230219245747,86.43653694691761
128.5,84.07713279163714,85.72346273974942,2.183558688615039,81.35634536251935,90.0905801169795
128.75,81.94254974851673,83.69691718848219,2.183558688615058,79.32979981125207,88.0640345657123
129.0,86.52503294892358,86.06059823666908,2.183558688615046,81.69348085943899,90.42771561389917
129.25,82.96933098314452,85.78958473892038,2.1835586886150495,81.42246736169028,90.15670211615048
129.5,87.85223252405979,82.98385506141229,2.183558688615033,78.61673768418223,87.35097243864234
129.75,82.98799420846473,83.57621562753326,2.183558688615053,79.20909825030316,87.94333300476336
130.0,82.94949765587144,84.28342295068919,2.1835586886150398,79.91630557345911,88.65054032791926
130.25,84.90787135404759,86.03833396176272,2.1835586886150358,81.67121658453264,90.40545133899279
130.5,82.70369750110537,83.75005273236656,2.1835586886150513,79.38293535513645,88.11717010959666
130.75,86.00996211421021,84.06568470670226,2.183558688615052,79.69856732947216,88.43280208393236
131.0,90.31306163167483,87.7252536452054,2.1835586886150335,83.35813626797533,92.09237102243547
131.25,82.71034680587385,85.08281592377898,2.183558688615037,80.71569854654891,89.44993330100905
131.5,89.30170635978452,88.71202822885411,2.1835586886150415,84.34491085162402,93.0791456060842
131.75,90.6460510843239,88.81280732151995,2.183558688615052,84.44568994428985,93.17992469875006
132.0,87.6988429080854,87.86384716091703,2.1835586886150513,83.49672978368693,92.23096453814713
132.25,94.50013182775525,92.29111009783668,2.1835586886150447,87.92399272060659,96.65822747506677
132.5,90.65627340912673,91.71093350201244,2.183558688615043,87.34381612478235,96.07805087924253
132.75,94.76918705082608,92.12455107450529,2.1835586886150304,87.75743369727523,96.49166845173535
133.0,93.76337967208629,93.91939210649505,2.1835586886150455,89.55227472926497,98.28650948372514
133.25,92.65061507881693,93.94542205800337,2.183558688615059,89.57830468077326,98.31253943523349
133.5,93.12613823927165,95.06650690867933,2.1835586886150646,90.6993895314492,99.43362428590946
133.75,96.16098426450276,95.74770356748525,2.1835586886150424,91.38058619025516,100.11482094471533
134.0,89.60900866931608,93.70162144303046,2.183558688615063,89.33450406580033,98.06873882026059
134.25,95.36909181422325,96.2481134295632,2.1835586886150566,91.88099605233309,100.61523080679332
134.5,95.6023874660766,97.19974375527434,2.183558688615056,92.83262637804422,101.56686113250446
134.75,91.99212553806134,94.07945273946622,2.1835586886150518,89.71233536223612,98.44657011669632
135.0,92.88655494781113,93.48629220169505,2.1835586886150686,89.11917482446492,97.85340957892518
135.25,93.18829107808563,92.48870828324232,2.1835586886150637,88.12159090601219,96.85582566047245
135.5,91.87158578151,90.07614394099403,2.1835586886150575,85.70902656376391,94.44326131822415
135.75,87.39791464304062,89.07112948345826,2.1835586886150686,84.70401210622813,93.4382468606884
136.0,89.61601903279598,88.19083532946951,2.183558688615056,83.82371795223939,92.55795270669962
136.25,64.07559109937333,65.2927948509535,2.183558688615037,60.925677473723425,69.65991222818357
136.5,64.05904903005595,63.04677045833485,2.183558688615036,58.679653081104775,67.41388783556492
136.75,64.70519588466718,61.747122184350836,2.1835586886150558,57.38000480712073,66.11423956158094
137.0,54.68594312561104,53.622512771134616,2.1835586886150438,49.25539539390453,57.989630148364704
137.25,48.43411406943009,52.32605683223392,2.1835586886150464,47.95893945500382,56.69317420946401
137.5,55.894963411666396,52.91231149658875,2.1835586886150367,48.545194119358676,57.27942887381882
137.75,46.97663280086823,46.624983083182194,2.183558688615057,42.25786570595208,50.99210046041231
138.0,45.55184931608917,45.75164211258504,2.1835586886150353,41.384524735354965,50.11875948981511
138.25,46.31387197232135,44.43902728148235,2.1835586886150478,40.07190990425226,48.80614465871245
138.5,41.597228597156274,42.624583820879636,2.183558688615049,38.257466443649534,46.99170119810974
138.75,41.28339932798787,40.3143357071401,2.183558688615072,35.94721832990996,44.68145308437025
139.0,38.84259568306024,35.98667245274345,2.1835586886150233,31.619555075513404,40.35378982997349
139.25,37.50328490591321,38.72934474539598,2.1835586886150486,34.36222736816588,43.09646212262607
139.5,38.30738683281655,38.306363405648604,2.183558688615053,33.939246028418495,42.67348078287871
139.75,39.205261952379864,40.27897504746207,2.1835586886150247,35.91185767023202,44.64609242469212
140.0,39.21936869936652,39.81971893277414,2.1835586886150544,35.45260155554403,44.186836310004246
140.25,35.55955102224122,39.16609672115526,2.183558688615055,34.798979343925154,43.53321409838537
140.5,39.36129257729044,38.80052019202354,2.183558688615046,34.433402814793446,43.167637569253635
140.75,40.60956077343295,38.2043300011341,2.183558688615029,33.837212623904044,42.57144737836416
141.0,41.092665421860566,40.28918678702986,2.1835586886150646,35.92206940979973,44.65630416425999
141.25,34.858978318668214,37.82515744168155,2.1835586886150917,33.45804006445137,42.19227481891173
141.5,36.67246072527558,37.92995635618229,2.1835586886150327,33.56283897895222,42.297073733412354
141.75,40.68940108352906,39.15528888048687,2.183558688615044,34.788171503256784,43.52240625771696
142.0,40.463858756489934,41.6347237806217,2.1835586886150513,37.267606403391596,46.0018411578518
142.25,42.13978367474545,41.798226409621535,2.1835586886150873,37.43110903239136,46.16534378685171
142.5,41.959169739445024,40.45492008149348,2.1835586886150553,36.087802704263375,44.82203745872359
142.75,39.085962503009185,40.54290546335121,2.18355868861507,36.175788086121074,44.91002284058135
143.0,38.67450040012422,39.97951031989257,2.183558688615051,35.61239294266247,44.34662769712267
143.25,34.23161023973847,34.68370749982358,2.1835586886150704,30.316590122593443,39.05082487705373
143.5,36.73952744530158,35.00952561979588,2.183558688615068,30.642408242565743,39.37664299702602
143.75,35.564666200361934,36.35559651149935,2.183558688615115,31.98847913426912,40.72271388872958
144.0,33.75203046781434,34.276979571741805,2.1835586886151015,29.909862194511604,38.644096948972006
144.25,38.306575348624236,37.10873353264475,2.183558688615138,32.74161615541448,41.47585090987502
144.5,33.61883531966021,35.85454066920662,2.183558688615096,31.487423291976427,40.221658046436815
144.75,35.15771027564754,34.150933928085635,2.1835586886150993,29.783816550855438,38.518051305315836
145.0,34.72666173967741,35.92001038627987,2.1835586886150904,31.55289300904969,40.28712776351005
145.25,30.81956412802949,34.60323594812232,2.183558688615078,30.236118570892163,38.97035332535248
145.5,33.202542327196866,35.32530550081258,2.1835586886150944,30.958188123582396,39.69242287804277
145.75,39.97484524931383,37.73638561321474,2.183558688615066,33.36926823598461,42.10350299044487
146.0,34.29530696576423,33.77724431226529,2.1835586886150846,29.41012693503512,38.144361689495454
146.25,36.44664980482452,35.41345107771141,2.183558688615095,31.046333700481217,39.780568454941594
146.5,35.95317682443101,36.78821864153144,2.183558688615105,32.42110126430123,41.155336018761645
146.75,36.56313666480195,36.18925350193658,2.1835586886151184,31.82213612470634,40.55637087916681
147.0,38.46164904823494,36.54524534619897,2.183558688615082,32.1781279689688,40.91236272342913
147.25,34.69984307195712,33.646566592330736,2.1835586886150837,29.27944921510057,38.0136839695609
147.5,35.67559298117778,36.93492028859105,2.1835586886150935,32.567802911360864,41.30203766582124
147.75,37.492578907338256,37.95129420913721,2.1835586886151064,33.584176831906994,42.318411586367425
148.0,37.20112367976106,34.8988349972857,2.183558688615073,30.531717620055552,39.26595237451584
148.25,38.342122692087216,35.992336460379704,2.1835586886150913,31.62521908314952,40.359453837609884
148.5,33.46074252338971,33.57122512699825,2.1835586886151166,29.204107749768017,37.93834250422849
148.75,34.79167273567396,34.02192781395866,2.1835586886151175,29.654810436728425,38.3890451911889
149.0,35.60224114488135,34.48001882208124,2.183558688615104,30.112901444851033,38.84713619931145
149.25,32.44325115924018,33.96315824611803,2.1835586886150744,29.59604086888788,38.33027562334818
149.5,33.62481317335733,35.15546504481341,2.18355868861508,30.788347667583253,39.52258242204357
149.75,37.459925828018804,40.777856034090114,2.1835586886150806,36.410738656859955,45.14497341132027
150.0,39.157109187732146,41.89344861336978,2.1835586886150726,37.52633123613963,46.26056599059992
150.25,46.265017359792466,44.75813205759391,2.1835586886150615,40.39101468036379,49.125249434824035
150.5,44.23960378826196,45.90533969828965,2.1835586886150793,41.53822232105949,50.27245707551981
150.75,46.87815156285293,48.378063729387954,2.1835586886150673,44.010946352157816,52.74518110661809
151.0,57.36030766700117,53.33903161515975,2.1835586886150984,48.97191423792955,57.70614899238994
151.25,53.39976927689232,54.21117292703679,2.1835586886150566,49.844055549806676,58.57829030426691
151.5,58.00528950146552,55.046558783082,2.183558688615082,50.67944140585183,59.413676160312164
151.75,59.54628115768948,59.55770645630623,2.1835586886150846,55.19058907907606,63.924823833536394
152.0,58.65493910230515,61.97687731574343,2.1835586886150864,57.60975993851326,66.34399469297361
152.25,80.45368821395837,82.06941956968654,2.1835586886150864,77.70230219245637,86.43653694691672
152.5,80.88098705190347,85.72346273974084,2.1835586886150775,81.35634536251068,90.090580116971
152.75,86.44971797760485,83.69691718847795,2.1835586886150864,79.32979981124778,88.06403456570813
153.0,84.42430111331889,86.06059823666314,2.1835586886150806,81.69348085943298,90.4277156138933
153.25,88.21516213182983,85.78958473891834,2.1835586886150757,81.42246736168818,90.1567021161485
153.5,81.85296086112272,82.98385506140835,2.1835586886150677,78.61673768417822,87.35097243863848
153.75,85.03081158136996,83.5762156275313,2.1835586886150806,79.20909825030114,87.94333300476146
154.0,83.4427407383929,84.28342295069207,2.1835586886150713,79.91630557346193,88.65054032792222
154.25,81.36274239277519,86.03833396176128,2.1835586886150926,81.6712165845311,90.40545133899147
154.5,84.85324654920431,83.75005273235499,2.183558688615071,79.38293535512484,88.11717010958513
154.75,82.16604839213716,84.06568470669964,2.183558688615076,79.69856732946948,88.4328020839298
155.0,85.69205367899374,87.72525364519538,2.183558688615075,83.35813626796524,92.09237102242552
155.25,86.25849195897003,85.08281592377966,2.183558688615079,80.7156985465495,89.44993330100982
155.5,88.60644040986249,88.71202822884848,2.1835586886150793,84.34491085161832,93.07914560607864
155.75,89.9321511298691,88.81280732151892,2.1835586886150833,84.44568994428874,93.17992469874909
156.0,84.93448815139247,87.86384716091557,2.183558688615073,83.49672978368542,92.23096453814571
156.25,91.79912814095297,92.29111009783256,2.1835586886150873,87.92399272060239,96.65822747506273
156.5,90.31413509607272,91.7109335020111,2.1835586886150735,87.34381612478096,96.07805087924125
156.75,92.36716068197005,92.12455107451902,2.183558688615079,87.75743369728886,96.49166845174918
157.0,95.32867185829882,93.91939210649873,2.183558688615087,89.55227472926856,98.2865094837289
157.25,92.99062247495415,93.94542205800289,2.18355868861507,89.57830468077275,98.31253943523303
157.5,94.48940747038472,95.06650690866837,2.183558688615082,90.69938953143821,99.43362428589853
157.75,93.91816560008283,95.74770356747398,2.1835586886150726,91.38058619024383,100.11482094470412
158.0,95.1409871258188,93.7016214430326,2.183558688615076,89.33450406580243,98.06873882026275
158.25,99.73657758939419,96.24811342955894,2.1835586886150846,91.88099605232877,100.61523080678911
158.5,95.437837933789,97.19974375528129,2.183558688615087,92.83262637805112,101.56686113251146
158.75,96.45961090404667,94.07945273946942,2.18355868861507,89.71233536223927,98.44657011669956
159.0,96.61796551405423,93.48629220169137,2.1835586886150815,89.11917482446121,97.85340957892153
159.25,91.28552913765076,92.48870828322322,2.1835586886150757,88.12159090599306,96.85582566045338
159.5,89.51586107471674,90.07614394100514,2.183558688615066,85.70902656377501,94.44326131823527
159.75,88.28527606774497,89.07112948344411,2.1835586886150686,84.70401210621398,93.43824686067424
160.0,88.9064272040087,88.1908353294782,2.183558688615084,83.82371795224803,92.55795270670838
160.25,63.18994261866965,65.29279485093619,2.183558688615087,60.92567747370602,69.65991222816636
160.5,63.889009405261376,63.046770458354914,2.1835586886150833,58.67965308112475,67.41388783558509
160.75,58.83187558916148,61.74712218435307,2.1835586886150646,57.38000480712294,66.11423956158319
161.0,50.282782238601804,53.62251277113538,2.1835586886150695,49.255395393905246,57.98963014836552
161.25,51.007249682345055,52.326056832242685,2.183558688615082,47.95893945501252,56.69317420947285
161.5,51.566620290161445,52.91231149658646,2.183558688615084,48.545194119356296,57.27942887381663
161.75,47.81232866435299,46.62498308318463,2.183558688615081,42.25786570595447,50.99210046041479
162.0,47.048202276391294,45.75164211258279,2.1835586886150815,41.38452473535263,50.11875948981296
162.25,47.51326882784322,44.439027281500756,2.183558688615075,40.071909904270605,48.80614465873091
162.5,41.50065566455033,42.62458382087016,2.183558688615074,38.25746644364001,46.9917011981003
162.75,41.64938413748142,40.31433570714279,2.183558688615059,35.94721832991267,44.681453084372905
163.0,33.36378618728612,35.98667245274369,2.183558688615093,31.619555075513503,40.35378982997388
163.25,44.53081753581357,38.729344745405804,2.183558688615106,34.362227368175596,43.09646212263601
163.5,33.92720145730728,38.30636340565391,2.1835586886151077,33.939246028423696,42.67348078288413
163.75,41.43252103973875,40.278975047461806,2.1835586886150984,35.91185767023161,44.646092424692
164.0,38.569035441194146,39.81971893277138,2.1835586886150957,35.452601555541186,44.186836310001574
164.25,43.55367626033662,39.16609672116549,2.1835586886150775,34.79897934393533,43.533214098395646
164.5,41.162919701399375,38.800520192018716,2.1835586886151055,34.43340281478851,43.167637569248924
164.75,39.259546236860764,38.204330001130174,2.183558688615081,33.837212623900015,42.57144737836033
165.0,38.932659142602404,40.28918678702453,2.183558688615101,35.92206940979433,44.656304164254735
165.25,39.52178241369394,37.825157441685974,2.183558688615075,33.45804006445582,42.192274818916125
165.5,36.903172551916334,37.92995635617859,2.1835586886150904,33.56283897894841,42.29707373340877
165.75,36.86053640035125,39.15528888047961,2.183558688615112,34.78817150324939,43.52240625770983
166.0,43.47025700501585,41.634723780634204,2.183558688615067,37.26760640340407,46.001841157864334
166.25,42.0574998139698,41.79822640962418,2.183558688615101,37.43110903239398,46.16534378685438
166.5,40.63284404074522,40.45492008147761,2.1835586886150975,36.087802704247416,44.822037458707804
166.75,36.01359866623566,40.54290546335595,2.1835586886150966,36.175788086125756,44.910022840586144
167.0,42.22446856559145,39.97951031988359,2.1835586886151033,35.61239294265338,44.346627697113796
167.25,34.26112196112439,34.68370749982911,2.183558688615133,30.316590122598846,39.05082487705938
167.5,36.170120783682506,35.00952561978449,2.1835586886150717,30.642408242554346,39.376642997014635
167.75,36.96131179365157,36.3555965115088,2.1835586886151104,31.988479134278577,40.72271388873902
