dc3_obj,dc3_surrogate_obj,dc3_domain_valid,dc3_constraint_feasible,dc3_eq_max,dc3_eq_mean,dc3_ineq_max,dc3_ineq_mean,dc3_n_ineq_viol,dc3_domain_max,dc3_feasible,dc3_J_ref,dc3_gap_pct,dc3_signed_gap_pct,dc3_corr_converged,dc3_corr_steps,dc3_time_ms,J_ref
,-1.269399758136855,0.0,0.0,0.0,0.0,0.001363815431908829,7.845423589267182e-05,191.0,0.001363815426908829,0.0,-6.311078020879187,,,0.0,2000.0,136.56616599473637,-6.311078020879187
,-1.0832594097521102,0.0,0.0,0.0,0.0,0.0017765577444953822,8.140290841664344e-05,194.0,0.0017765577394953823,0.0,-6.2837842231732575,,,0.0,2000.0,136.9436660024803,-6.2837842231732575
,-1.7255641751193327,0.0,0.0,1.1102230246251565e-16,1.1102230246251565e-16,0.0014440853710536757,7.13859351674072e-05,173.0,0.0014440853660536758,0.0,-6.320300282635264,,,0.0,2000.0,136.46608300041407,-6.320300282635264
,-1.1169191792444626,0.0,0.0,2.220446049250313e-16,2.220446049250313e-16,0.0019948382655941175,8.156105696960701e-05,178.0,0.0019948382605941175,0.0,-6.298816879330097,,,0.0,2000.0,136.8686250061728,-6.298816879330097
,-1.8418679388369752,0.0,0.0,2.220446049250313e-16,2.220446049250313e-16,0.001312033898431796,6.981801404517324e-05,175.0,0.001312033893431796,0.0,-6.362547585045425,,,0.0,2000.0,136.13137500942685,-6.362547585045425
,-2.4869408310914918,0.0,0.0,0.0,0.0,0.0016430265698493824,6.069973810550049e-05,144.0,0.0016430265648493824,0.0,-6.4183337292417,,,0.0,2000.0,136.86225000128616,-6.4183337292417
,-1.4817574741977733,0.0,0.0,0.0,0.0,0.0016695198784067169,7.552542217730995e-05,176.0,0.001669519873406717,0.0,-6.319357001617028,,,0.0,2000.0,136.822457992821,-6.319357001617028
,-1.2442229936273415,0.0,0.0,0.0,0.0,0.001854276632882329,7.946580226871197e-05,176.0,0.001854276627882329,0.0,-6.3085951262430005,,,0.0,2000.0,136.45729199924972,-6.3085951262430005
,-1.745596989931369,0.0,0.0,1.1102230246251565e-16,1.1102230246251565e-16,0.0014224034275740682,7.138290400490512e-05,175.0,0.0014224034225740682,0.0,-6.34172731852507,,,0.0,2000.0,137.13745800487231,-6.34172731852507
,-1.3971622588351122,0.0,0.0,0.0,0.0,0.001285193713135955,7.615667997998132e-05,191.0,0.001285193708135955,0.0,-6.327590366006271,,,0.0,2000.0,137.31199999165256,-6.327590366006271
,-1.3765940394026455,0.0,0.0,0.0,0.0,0.0012579433799691409,7.654732594672165e-05,191.0,0.0012579433749691409,0.0,-6.3037897102019205,,,0.0,2000.0,136.8862910021562,-6.3037897102019205
,-1.573408890014739,0.0,0.0,0.0,0.0,0.001484120770561279,7.393266874798118e-05,174.0,0.001484120765561279,0.0,-6.341635943704888,,,0.0,2000.0,136.25654199859127,-6.341635943704888
,-1.464233859203052,0.0,0.0,0.0,0.0,0.0016160858113095998,7.552031313375683e-05,193.0,0.0016160858063095998,0.0,-6.327955828211688,,,0.0,2000.0,136.30225000088103,-6.327955828211688
,-1.9587889668119223,0.0,0.0,1.1102230246251565e-16,1.1102230246251565e-16,0.0014441673417838986,6.807388620800219e-05,173.0,0.0014441673367838986,0.0,-6.367019027510823,,,0.0,2000.0,136.49762500426732,-6.367019027510823
,-2.5767613658565502,0.0,0.0,0.0,0.0,0.0014441265635272654,5.849838682261513e-05,156.0,0.0014441265585272655,0.0,-6.410065637051286,,,0.0,2000.0,136.5038330113748,-6.410065637051286
,-0.9859455089585973,0.0,0.0,1.1102230246251565e-16,1.1102230246251565e-16,0.0015629176984618268,8.278411988754599e-05,201.0,0.0015629176934618268,0.0,-6.290551733475058,,,0.0,2000.0,138.21020800969563,-6.290551733475058
,-1.470556661260842,0.0,0.0,0.0,0.0,0.0016715165699562047,7.595241663370409e-05,180.0,0.0016715165649562047,0.0,-6.324571790953532,,,0.0,2000.0,137.8358750080224,-6.324571790953532
,-1.6930908913865517,0.0,0.0,0.0,0.0,0.0013322392686994124,7.252840344377441e-05,162.0,0.0013322392636994124,0.0,-6.349233621560037,,,0.0,2000.0,138.23958300054073,-6.349233621560037
,-1.1035586026298672,0.0,0.0,1.1102230246251565e-16,1.1102230246251565e-16,0.0014262534974475605,8.092136587415434e-05,197.0,0.0014262534924475605,0.0,-6.305946437573475,,,0.0,2000.0,138.08262499514967,-6.305946437573475
,-1.0452486878100802,0.0,0.0,0.0,0.0,0.0012218594939847921,8.20518748343658e-05,179.0,0.0012218594889847922,0.0,-6.298056161985448,,,0.0,2000.0,137.41741600097157,-6.298056161985448
,-1.515869905971085,0.0,0.0,2.220446049250313e-16,2.220446049250313e-16,0.001224237788440759,7.483393543356246e-05,192.0,0.001224237783440759,0.0,-6.317097420925466,,,0.0,2000.0,137.10079199518077,-6.317097420925466
,-1.9722162528122753,0.0,0.0,2.220446049250313e-16,2.220446049250313e-16,0.0016043563674775596,6.840045735983297e-05,171.0,0.0016043563624775596,0.0,-6.36105130008482,,,0.0,2000.0,137.1127919992432,-6.36105130008482
,-2.164105691858158,0.0,0.0,0.0,0.0,0.0019123603352299958,6.515478823482678e-05,157.0,0.0019123603302299958,0.0,-6.363271343530146,,,0.0,2000.0,137.10495800478384,-6.363271343530146
,-1.746775457796784,0.0,0.0,0.0,0.0,0.0017448920433181042,7.142604768434531e-05,172.0,0.0017448920383181042,0.0,-6.351646708528947,,,0.0,2000.0,137.65291598974727,-6.351646708528947
,-1.8212588195065995,0.0,0.0,0.0,0.0,0.0015337714526584484,7.00561139100339e-05,174.0,0.0015337714476584485,0.0,-6.35729291649861,,,0.0,2000.0,137.5495829997817,-6.35729291649861
,-1.4157269386407347,0.0,0.0,0.0,0.0,0.0013421365502665204,7.642118829685369e-05,183.0,0.0013421365452665204,0.0,-6.329611566605632,,,0.0,2000.0,138.8112499989802,-6.329611566605632
,-1.8069895763072084,0.0,0.0,1.1102230246251565e-16,1.1102230246251565e-16,0.001439151670002103,7.063142095705317e-05,177.0,0.001439151665002103,0.0,-6.37595642380746,,,0.0,2000.0,137.72387499921024,-6.37595642380746
,-1.3454589254535603,0.0,0.0,2.220446049250313e-16,2.220446049250313e-16,0.0014621579469655814,7.768593003360093e-05,180.0,0.0014621579419655814,0.0,-6.327902794083959,,,0.0,2000.0,137.59350001055282,-6.327902794083959
,-1.5969761274116272,0.0,0.0,2.220446049250313e-16,2.220446049250313e-16,0.0011432070870333838,7.340255816059026e-05,194.0,0.0011432070820333838,0.0,-6.341810396813296,,,0.0,2000.0,137.44704199780244,-6.341810396813296
,-1.6745746476299228,0.0,0.0,0.0,0.0,0.0013992699637573863,7.241055720887044e-05,169.0,0.0013992699587573863,0.0,-6.327776134334604,,,0.0,2000.0,137.23666699661408,-6.327776134334604
,-1.3949334137388556,0.0,0.0,2.220446049250313e-16,2.220446049250313e-16,0.0015928589813811857,7.609217870102612e-05,196.0,0.0015928589763811857,0.0,-6.305461323324947,,,0.0,2000.0,134.3639999977313,-6.305461323324947
,-2.3093807261957178,0.0,0.0,0.0,0.0,0.0012434218047962275,6.298168493142298e-05,164.0,0.0012434217997962275,0.0,-6.385607094674063,,,0.0,2000.0,138.29941699805204,-6.385607094674063
,-0.7754694301062379,0.0,0.0,4.440892098500626e-16,4.440892098500626e-16,0.0014301314602792642,8.597639828430504e-05,202.0,0.0014301314552792642,0.0,-6.275971484644565,,,0.0,2000.0,140.4651670018211,-6.275971484644565
,-1.7170159446937874,0.0,0.0,0.0,0.0,0.001350076392616876,7.189158492047793e-05,180.0,0.001350076387616876,0.0,-6.336468255582188,,,0.0,2000.0,139.49249999132007,-6.336468255582188
,-1.6156177877313604,0.0,0.0,0.0,0.0,0.0012665774721151238,7.331310518504617e-05,180.0,0.0012665774671151238,0.0,-6.338698911431684,,,0.0,2000.0,139.20983400021214,-6.338698911431684
,-1.6747115975384284,0.0,0.0,2.220446049250313e-16,2.220446049250313e-16,0.001349962700106623,7.26159995375645e-05,168.0,0.001349962695106623,0.0,-6.33779499943638,,,0.0,2000.0,136.56341600290034,-6.33779499943638
,-1.5137326884414022,0.0,0.0,0.0,0.0,0.001550864640427987,7.482786644694474e-05,182.0,0.001550864635427987,0.0,-6.3301987214744475,,,0.0,2000.0,136.1649589962326,-6.3301987214744475
,-1.690953373779014,0.0,0.0,0.0,0.0,0.0013723049856983903,7.201197902244334e-05,184.0,0.0013723049806983903,0.0,-6.3591297163061205,,,0.0,2000.0,136.5204579924466,-6.3591297163061205
,-1.9365923510230236,0.0,0.0,0.0,0.0,0.001444352673764874,6.858101338603143e-05,171.0,0.001444352668764874,0.0,-6.363740810243,,,0.0,2000.0,138.11383399297483,-6.363740810243
,-1.958597744827961,0.0,0.0,2.220446049250313e-16,2.220446049250313e-16,0.0014708897353434536,6.826392554817e-05,168.0,0.0014708897303434536,0.0,-6.355095528207686,,,0.0,2000.0,137.7298330044141,-6.355095528207686
,-0.833934823669797,0.0,0.0,0.0,0.0,0.001589111449811628,8.497444302388734e-05,192.0,0.001589111444811628,0.0,-6.261183958590003,,,0.0,2000.0,138.14616699528415,-6.261183958590003
,-1.2164053161149377,0.0,0.0,1.1102230246251565e-16,1.1102230246251565e-16,0.0015070421997661419,7.938032737602702e-05,179.0,0.001507042194766142,0.0,-6.3043892970154936,,,0.0,2000.0,137.72287500614766,-6.3043892970154936
,-2.083596371918463,0.0,0.0,0.0,0.0,0.0011133647987328985,6.572804195450189e-05,170.0,0.0011133647937328986,0.0,-6.361752604987936,,,0.0,2000.0,138.0291659879731,-6.361752604987936
,-0.7555705502674661,0.0,0.0,2.220446049250313e-16,2.220446049250313e-16,0.001636775871300127,8.610357675903211e-05,210.0,0.001636775866300127,0.0,-6.259001815454992,,,0.0,2000.0,136.47574999777135,-6.259001815454992
,-2.3375413294783582,0.0,0.0,0.0,0.0,0.0010531073174871505,6.19568547461372e-05,175.0,0.0010531073124871505,0.0,-6.3765273784463865,,,0.0,2000.0,137.16800000111107,-6.3765273784463865
,-1.1834854839085338,0.0,0.0,2.220446049250313e-16,2.220446049250313e-16,0.0013344283032071349,7.964530211674612e-05,194.0,0.001334428298207135,0.0,-6.313743213122121,,,0.0,2000.0,137.4809999979334,-6.313743213122121
,-0.6831189668002939,0.0,0.0,2.220446049250313e-16,2.220446049250313e-16,0.0017806767181059568,8.76513097225637e-05,194.0,0.0017806767131059568,0.0,-6.258711263602759,,,0.0,2000.0,137.02695899701212,-6.258711263602759
,-1.2950161615662017,0.0,0.0,1.1102230246251565e-16,1.1102230246251565e-16,0.0014249444584290866,7.792992825008217e-05,187.0,0.0014249444534290866,0.0,-6.322411493474534,,,0.0,2000.0,137.44325000152458,-6.322411493474534
,-1.4746611074132951,0.0,0.0,2.220446049250313e-16,2.220446049250313e-16,0.0014558487020258368,7.554746432072103e-05,172.0,0.0014558486970258368,0.0,-6.341610588398548,,,0.0,2000.0,137.72662499104626,-6.341610588398548
,-1.5708729520278393,0.0,0.0,0.0,0.0,0.001542453037087215,7.397575657592468e-05,174.0,0.001542453032087215,0.0,-6.355759763842874,,,0.0,2000.0,138.04933299252298,-6.355759763842874
,-2.0327910256092796,0.0,0.0,0.0,0.0,0.00196756137402276,6.756667896560888e-05,153.0,0.00196756136902276,0.0,-6.374622484417711,,,0.0,2000.0,137.6706250011921,-6.374622484417711
,-1.6321874035667974,0.0,0.0,0.0,0.0,0.0013980746935495776,7.297094799591814e-05,188.0,0.0013980746885495776,0.0,-6.3435566009489746,,,0.0,2000.0,136.38775001163594,-6.3435566009489746
,-1.305283591016266,0.0,0.0,0.0,0.0,0.0013290895057417064,7.777268255365978e-05,197.0,0.0013290895007417064,0.0,-6.325158083924768,,,0.0,2000.0,136.22583300457336,-6.325158083924768
,-1.4289866555613624,0.0,0.0,0.0,0.0,0.0016990974812394497,7.603675382051113e-05,181.0,0.0016990974762394497,0.0,-6.333718930764594,,,0.0,2000.0,136.55525000649504,-6.333718930764594
,-1.1742974117851164,0.0,0.0,0.0,0.0,0.0015271833159540534,7.96827751335528e-05,181.0,0.0015271833109540534,0.0,-6.303784097051491,,,0.0,2000.0,136.457500004326,-6.303784097051491
,-1.4806453664467405,0.0,0.0,0.0,0.0,0.0014613065419578377,7.523403911859533e-05,183.0,0.0014613065369578377,0.0,-6.326029654717605,,,0.0,2000.0,137.2289169958094,-6.326029654717605
,-1.212126853135344,0.0,0.0,2.220446049250313e-16,2.220446049250313e-16,0.0015194029859963028,7.915218535138119e-05,193.0,0.0015194029809963028,0.0,-6.297877931401997,,,0.0,2000.0,138.12304100429174,-6.297877931401997
,-1.0969310781987112,0.0,0.0,1.1102230246251565e-16,1.1102230246251565e-16,0.0017271403522678887,8.063744496365425e-05,189.0,0.0017271403472678888,0.0,-6.285567556304916,,,0.0,2000.0,138.40650000202004,-6.285567556304916
,-0.9214548682875797,0.0,0.0,2.220446049250313e-16,2.220446049250313e-16,0.0016068677862011097,8.385793433086025e-05,205.0,0.0016068677812011098,0.0,-6.296901205766797,,,0.0,2000.0,138.78554200346116,-6.296901205766797
,-1.2837220782062042,0.0,0.0,1.1102230246251565e-16,1.1102230246251565e-16,0.0012200195407388757,7.829740312256316e-05,180.0,0.0012200195357388757,0.0,-6.315509603248152,,,0.0,2000.0,137.02229199407157,-6.315509603248152
,-1.3706368980723957,0.0,0.0,0.0,0.0,0.0017019281146600418,7.639502296926886e-05,190.0,0.0017019281096600418,0.0,-6.302549348510845,,,0.0,2000.0,137.17137499770615,-6.302549348510845
,-1.8896528650885798,0.0,0.0,0.0,0.0,0.001465967243372316,6.954246424781272e-05,169.0,0.0014659672383723161,0.0,-6.377396288333209,,,0.0,2000.0,136.38287500361912,-6.377396288333209
,-1.348360683918953,0.0,0.0,2.220446049250313e-16,2.220446049250313e-16,0.0014922011267532143,7.76326891098353e-05,185.0,0.0014922011217532144,0.0,-6.312838854240868,,,0.0,2000.0,137.33295899874065,-6.312838854240868
,-1.8158337146472099,0.0,0.0,2.220446049250313e-16,2.220446049250313e-16,0.001393008654825935,7.032156498802259e-05,180.0,0.001393008649825935,0.0,-6.377701606684754,,,0.0,2000.0,137.91837499593385,-6.377701606684754
,-1.9731390783847038,0.0,0.0,2.220446049250313e-16,2.220446049250313e-16,0.0015128738200531977,6.851524902193798e-05,156.0,0.0015128738150531978,0.0,-6.370418430946603,,,0.0,2000.0,138.06204199499916,-6.370418430946603
,-1.2569381119476497,0.0,0.0,0.0,0.0,0.0013742206989282046,7.866368992410159e-05,183.0,0.0013742206939282046,0.0,-6.3177114050593906,,,0.0,2000.0,138.1579589942703,-6.3177114050593906
,-1.6529718560439206,0.0,0.0,1.1102230246251565e-16,1.1102230246251565e-16,0.0014506572302814675,7.298058546548695e-05,184.0,0.0014506572252814675,0.0,-6.344583628059082,,,0.0,2000.0,139.03191601275466,-6.344583628059082
,-1.1885556006029803,0.0,0.0,0.0,0.0,0.001339429306226294,7.952603926924044e-05,190.0,0.001339429301226294,0.0,-6.31590108870987,,,0.0,2000.0,137.61712500127032,-6.31590108870987
,-1.4210345556347352,0.0,0.0,2.220446049250313e-16,2.220446049250313e-16,0.0014044611748226386,7.650406980085483e-05,184.0,0.0014044611698226387,0.0,-6.312478687226432,,,0.0,2000.0,137.20524999371264,-6.312478687226432
,-0.6891092231701803,0.0,0.0,1.1102230246251565e-16,1.1102230246251565e-16,0.0016634957900504045,8.75621404789786e-05,201.0,0.0016634957850504045,0.0,-6.27768397729246,,,0.0,2000.0,136.9429580081487,-6.27768397729246
,-1.7596986921922924,0.0,0.0,1.1102230246251565e-16,1.1102230246251565e-16,0.0014947785504353772,7.107269022047972e-05,165.0,0.0014947785454353772,0.0,-6.369389645831841,,,0.0,2000.0,137.3872499971185,-6.369389645831841
,-2.1392823874685982,0.0,0.0,2.220446049250313e-16,2.220446049250313e-16,0.001196032237740844,6.586282101087635e-05,160.0,0.001196032232740844,0.0,-6.374260710362178,,,0.0,2000.0,137.86212500417605,-6.374260710362178
,-2.001387248073258,0.0,0.0,0.0,0.0,0.0014799153444467312,6.751493947816981e-05,158.0,0.0014799153394467312,0.0,-6.378490730425645,,,0.0,2000.0,138.28941699466668,-6.378490730425645
,-1.3195459936908387,0.0,0.0,0.0,0.0,0.0013018110275404486,7.731311677882672e-05,198.0,0.0013018110225404486,0.0,-6.32020451316477,,,0.0,2000.0,138.6508750001667,-6.32020451316477
,-1.582814232504281,0.0,0.0,0.0,0.0,0.0013932672915978168,7.426932685003486e-05,179.0,0.0013932672865978168,0.0,-6.355734248983477,,,0.0,2000.0,138.79379200807307,-6.355734248983477
,-1.8921999196557104,0.0,0.0,1.1102230246251565e-16,1.1102230246251565e-16,0.0014541758667130202,6.949207199818667e-05,163.0,0.0014541758617130202,0.0,-6.36981130131623,,,0.0,2000.0,137.26279200636782,-6.36981130131623
,-1.9047472072372977,0.0,0.0,4.440892098500626e-16,4.440892098500626e-16,0.0011662578756615409,6.880193480165807e-05,175.0,0.0011662578706615409,0.0,-6.37169742936722,,,0.0,2000.0,137.07162500941195,-6.37169742936722
,-1.2029432239047502,0.0,0.0,2.220446049250313e-16,2.220446049250313e-16,0.0016963589974580927,7.916853459812857e-05,185.0,0.0016963589924580927,0.0,-6.308774503186334,,,0.0,2000.0,137.160957994638,-6.308774503186334
,-1.6325310564201572,0.0,0.0,0.0,0.0,0.0013605535125679412,7.328243333496487e-05,171.0,0.0013605535075679413,0.0,-6.364248393057613,,,0.0,2000.0,137.40900000266265,-6.364248393057613
,-1.7157718029259075,0.0,0.0,1.1102230246251565e-16,1.1102230246251565e-16,0.0017128810213924667,7.23422976912807e-05,162.0,0.0017128810163924667,0.0,-6.357719449472704,,,0.0,2000.0,137.950375006767,-6.357719449472704
,-2.0876841004547995,0.0,0.0,0.0,0.0,0.0012744358289772787,6.640691814549587e-05,170.0,0.0012744358239772787,0.0,-6.381528973072989,,,0.0,2000.0,138.34383399807848,-6.381528973072989
,-1.2874850313191355,0.0,0.0,0.0,0.0,0.001801899444949316,7.869006866319661e-05,185.0,0.001801899439949316,0.0,-6.335879552301278,,,0.0,2000.0,138.4799999941606,-6.335879552301278
,-1.9468886846561713,0.0,0.0,3.3306690738754696e-16,3.3306690738754696e-16,0.001252337770464594,6.844459700491475e-05,164.0,0.0012523377654645941,0.0,-6.359985659576511,,,0.0,2000.0,138.55375000275671,-6.359985659576511
,-1.179355338017554,0.0,0.0,2.220446049250313e-16,2.220446049250313e-16,0.0013502494554022625,8.012144184140305e-05,193.0,0.0013502494504022626,0.0,-6.323075291146382,,,0.0,2000.0,137.25254200107884,-6.323075291146382
,-1.0151245993336009,0.0,0.0,0.0,0.0,0.0016090446115433162,8.247593719364148e-05,191.0,0.0016090446065433162,0.0,-6.311357147370064,,,0.0,2000.0,137.60779199947137,-6.311357147370064
,-1.8192524413762619,0.0,0.0,0.0,0.0,0.0014472186126107108,7.05986539351415e-05,162.0,0.0014472186076107108,0.0,-6.353033525145106,,,0.0,2000.0,136.78825000533834,-6.353033525145106
,-0.8507019178686825,0.0,0.0,2.220446049250313e-16,2.220446049250313e-16,0.0014439588161264147,8.467132371707805e-05,203.0,0.0014439588111264147,0.0,-6.305373385617051,,,0.0,2000.0,137.0869579986902,-6.305373385617051
,-1.249175337955889,0.0,0.0,1.1102230246251565e-16,1.1102230246251565e-16,0.0018682442208488065,7.884338198864284e-05,190.0,0.0018682442158488065,0.0,-6.310472028382786,,,0.0,2000.0,136.67812499625143,-6.310472028382786
,-1.7980605201224562,0.0,0.0,0.0,0.0,0.0013539367207713847,7.007148224821887e-05,178.0,0.0013539367157713847,0.0,-6.340823308996185,,,0.0,2000.0,137.87395899998955,-6.340823308996185
,-1.7213519227896512,0.0,0.0,0.0,0.0,0.001359483306837651,7.192083143311947e-05,173.0,0.001359483301837651,0.0,-6.34714675871593,,,0.0,2000.0,138.08829200570472,-6.34714675871593
,-1.3324006283719423,0.0,0.0,2.220446049250313e-16,2.220446049250313e-16,0.002146136165575852,7.784536861610297e-05,176.0,0.002146136160575852,0.0,-6.304509642926432,,,0.0,2000.0,138.18970799911767,-6.304509642926432
,-2.2701787503725743,0.0,0.0,0.0,0.0,0.0011964411965135213,6.338756060362291e-05,177.0,0.0011964411915135213,0.0,-6.386485265994534,,,0.0,2000.0,136.8066249997355,-6.386485265994534
,-1.6434709204183178,0.0,0.0,1.1102230246251565e-16,1.1102230246251565e-16,0.001392729237793751,7.297381752223656e-05,177.0,0.001392729232793751,0.0,-6.335287137647722,,,0.0,2000.0,137.06304199877195,-6.335287137647722
,-2.13315861650882,0.0,0.0,1.1102230246251565e-16,1.1102230246251565e-16,0.0015473732435102618,6.583998514183966e-05,167.0,0.0015473732385102618,0.0,-6.380943977409211,,,0.0,2000.0,136.58862499869429,-6.380943977409211
,-1.5011336559686292,0.0,0.0,2.220446049250313e-16,2.220446049250313e-16,0.001365092964473018,7.468188004342594e-05,184.0,0.001365092959473018,0.0,-6.3211143826067,,,0.0,2000.0,134.16120900365058,-6.3211143826067
,-1.5051073384465465,0.0,0.0,2.220446049250313e-16,2.220446049250313e-16,0.001315591772638894,7.492592318068483e-05,183.0,0.001315591767638894,0.0,-6.3172185474276255,,,0.0,2000.0,137.1027499990305,-6.3172185474276255
,-1.9496668611515544,0.0,0.0,0.0,0.0,0.0012302321753430948,6.804707419065353e-05,172.0,0.0012302321703430948,0.0,-6.3572378778399035,,,0.0,2000.0,137.2532079985831,-6.3572378778399035
,-2.3339633027629914,0.0,0.0,2.220446049250313e-16,2.220446049250313e-16,0.0014227705278771748,6.189042837387334e-05,164.0,0.0014227705228771748,0.0,-6.379054098313152,,,0.0,2000.0,137.41645800473634,-6.379054098313152
,-1.845309208896169,0.0,0.0,0.0,0.0,0.0011695516814465147,6.985160008922662e-05,178.0,0.0011695516764465147,0.0,-6.368124948727201,,,0.0,2000.0,137.43812500615604,-6.368124948727201
,-1.8732982650989267,0.0,0.0,1.1102230246251565e-16,1.1102230246251565e-16,0.0011675020524929494,6.912726331631773e-05,176.0,0.0011675020474929494,0.0,-6.362438651927734,,,0.0,2000.0,136.16550000733696,-6.362438651927734
